,href,tag,attention_num,fans_num,weibo_num,user_info
0,https://weibo.com/u/7473620952,专注于虾圈物料海外搬运的民间组织,"62
关注","46814
粉丝","67
微博","昵称：
虾粮海外转运站
所在地：
海外
性别：
女
生日：
1991年10月5日
简介：
专注于虾圈物料海外搬运的民间组织
注册时间：
2020-06-22"
1,https://weibo.com/budweiser,百威啤酒官方微博,"145
关注","4227698
粉丝","7672
微博","友情链接：
百威啤酒官方网站
百威英博条款细则"
2,https://weibo.com/u/5914184991,知名娱乐博主 饭制视频自媒体,"105
关注","53749
粉丝","934
微博","昵称：
蛋花栗
所在地：
其他
性别：
女
生日：
双子座
简介：
最后只剩下星空🌌
注册时间：
2016-05-02"
3,https://weibo.com/u/7479939833,肤白貌美大长腿，不服憋着😎,"256
关注","143236
粉丝","3414
微博","昵称：
有狐bot3
所在地：
其他
性别：
男
简介：
肤白貌美大长腿，不服憋着😎
注册时间：
2020-07-12"
4,https://weibo.com/u/7465911353,微博剪辑视频博主,"53
关注","111682
粉丝","154
微博","昵称：
虾圈配音社
所在地：
重庆 巴南区
性别：
女
生日：
天秤座
简介：
hello～这里是虾圈配音社。
注册时间：
2020-05-31
大学：
重庆工商大学"
5,https://weibo.com/u/1653341403,配音演员，《叶问》配音叶问、《窃听风云》林一祥,"301
关注","786520
粉丝","3441
微博","昵称：
海绵宝宝海绵陈浩
所在地：
北京
性别：
男
生日：
1979年2月14日
博客：
http://blog.sina.com.cn/hellojerry
简介：
后期配音制作，包括电影，电视剧，动画片，专题片，广告等。请联系本人邮箱532513332@qq.com
注册时间：
2009-10-13"
6,https://weibo.com/yuerwlbat,动漫博主,"788
关注","141825
粉丝","1717
微博","昵称：
凃白声
所在地：
北京 朝阳区
性别：
男
生日：
2月14日
个性域名：
https://weibo.com/yuerwlbat
简介：
坦坦荡荡，问心无愧
注册时间：
2013-06-03
标签：
电影
游戏
漫画
旅游
美食
游戏动漫
文艺"
7,https://weibo.com/206782182,知名音乐博主,"372
关注","169906
粉丝","10556
微博","昵称：
呆桃燚
所在地：
重庆
性别：
女
生日：
10月5日
个性域名：
https://weibo.com/206782182 https://weibo.com/pinganxileaa
简介：
你做得很好，保持就好。🐰.
注册时间：
2010-08-01
公司：

乱写的
地区：其他
大学：
重庆工商大学
标签：
肖战"
8,https://weibo.com/u/6643123988,肖战工作室官方微博,"16
关注","7039597
粉丝","187
微博","邮箱：
xzstudio@xmzxzy.com"
9,https://weibo.com/jiangshuijun,喜欢被刷屏~,"519
关注","2105
粉丝","24369
微博","昵称：
江水_累
所在地：
上海 嘉定区
性别：
男
个性域名：
https://weibo.com/jiangshuijun
简介：
喜欢被刷屏~
注册时间：
2010-03-21
标签：
扭三已毕业
权瑜需自重
爬墙很快
怪阿姨
凤仪美食论坛
霹雳布袋戏
XQ
先秦文化论坛"
10,https://weibo.com/u/5118223590,兔毛队长，在线秃毛,"49
关注","478057
粉丝","11398
微博","昵称：
兔毛栽培队
所在地：
重庆
性别：
男
生日：
1991年10月5日
简介：
兔毛队长，在线秃毛
注册时间：
2014-05-02
公司：
控黑
标签：
八卦杂谈"
11,https://weibo.com/u/2624855867,知名娱乐博主 微博娱评团成员,"488
关注","2844425
粉丝","6631
微博","昵称：
圈内九叔
所在地：
北京
性别：
男
简介：
娱乐评论人 知名剧综博主
注册时间：
2012-02-21
公司：
合作请私信
标签：
明星
影视
综艺
电视剧
电影"
12,https://weibo.com/u/5264926524,娱乐博主 微博原创视频博主,"626
关注","250223
粉丝","12223
微博","昵称：
李美美诶
所在地：
重庆
性别：
女
性取向：
异性恋
感情状况：
单身
生日：
天秤座
简介：
乖
注册时间：
2014-08-23
公司：
肖战工作室
大学：
重庆工商大学
标签：
跑步
文藝
绘画"
13,https://weibo.com/u/3266963205,娱乐博主,"385
关注","659392
粉丝","15848
微博","昵称：
可愛dd-
所在地：
海外
性别：
女
生日：
1994年10月25日
简介：
肖战唯粉
注册时间：
2013-03-16
公司：
大学：
清华大学 (2013年)
天文系
标签：
饭圈
爱音乐
综艺娱乐
文字
微博
情感
电视剧
音乐
娱乐"
14,https://weibo.com/pjiejie,微博2019十大影响力综艺大V 资深电视评论人 微博电视团成员 微博剪辑视频博主 娱乐综艺视频自媒体,"1057
关注","8918459
粉丝","70877
微博","昵称：
星闻揭秘
所在地：
海外 美国
性别：
女
生日：
2013年7月1日
个性域名：
https://weibo.com/pjiejie
简介：
星姐，全世界最可爱的！（@星姐星闻 @星闻剧场 ）
注册时间：
2014-04-10
公司：
合作请私信
地区：北京 ，东城区
标签：
名人明星
花痴
旅游美食"
15,https://weibo.com/a520xiao,知名电视剧博主,"373
关注","149261
粉丝","26439
微博","昵称：
胡作非为de欲哥哥
所在地：
上海 黄浦区
性别：
女
性取向：
双性恋
个性域名：
https://weibo.com/a520xiao
简介：
一个随心所欲的剪刀手，恐微博上等人，FightingXZ
注册时间：
2010-02-08
公司：
标签：
BLX勿近
墙头无数
神级拖延症患者
黑子无误"
16,https://weibo.com/bxaurora,博君一肖超话粉丝大咖,"6
关注","145434
粉丝","1217
微博","昵称：
极光Aurora·博肖视频站
所在地：
北京 朝阳区
性别：
女
生日：
双鱼座
个性域名：
https://weibo.com/bxaurora
简介：
王一博&肖战 | 博君一肖视频资源站 | 不转发
注册时间：
2020-02-13
标签：
肖战
王一博
博肖
博君一肖"
17,https://weibo.com/u/7444103693,麦考夫永远是对的,"20
关注","10440
粉丝","1828
微博","昵称：
holland1970
所在地：
上海 黄浦区
性别：
女
生日：
1970年1月1日
简介：
麦考夫永远是对的
注册时间：
2020-04-28"
18,https://weibo.com/u/6583976665,肖战超话粉丝大咖,"20
关注","674336
粉丝","7117
微博","昵称：
肖战_bot
所在地：
其他
性别：
男
生日：
2018年10月5日
简介：
只为肖战，投稿随缘🤖
注册时间：
2018-06-25
公司：
肥虾养殖基地"
19,https://weibo.com/u/5874584452,知名娱乐博主 微博娱评团成员 微博娱乐资讯博主,"1604
关注","3101559
粉丝","23600
微博","昵称：
吃瓜鹅每日搬
所在地：
北京
性别：
男
生日：
1993年12月1日
简介：
不走寻常路的搬运博，希望您看得开心，欢迎关注！
注册时间：
2016-03-05
标签：
八卦杂谈"
20,https://weibo.com/u/5938265292,娱乐博主,"996
关注","1616
粉丝","6621
微博","昵称：
麻辣兔头蘸蘸酱
所在地：
其他
性别：
男
生日：
摩羯座
简介：
富强民主文明和谐自由平等公正法制爱国敬业诚信友善
注册时间：
2016-05-23"
21,https://weibo.com/u/5743911134,肖战超话粉丝大咖 娱乐博主 肖战饭圈达人,"517
关注","216499
粉丝","11439
微博","昵称：
秃噜皮皮酱
所在地：
重庆 巴南区
性别：
女
生日：
2003年9月13日
注册时间：
2015-10-28"
22,https://weibo.com/u/6600089623,一直在,"10
关注","686109
粉丝","946
微博","昵称：
DAYTOY守护站
所在地：
重庆
性别：
男
生日：
1991年10月5日
简介：
一直在
注册时间：
2018-07-13
高中：
重庆市巴县中学 (2007年)
大学：
重庆工商大学"
23,https://weibo.com/xiaozhan1,X玖少年团成员；演员，代表作《陈情令》《庆余年》《狼殿下》,"187
关注","27185000
粉丝","754
微博","昵称：
X玖少年团肖战DAYTOY
所在地：
重庆
性别：
男
生日：
天秤座
个性域名：
https://weibo.com/xiaozhan1
简介：
有趣的灵魂.
注册时间：
2010-08-14
标签：
得瑟
天秤座"
24,https://weibo.com/u/5735157117,肖战影音会官方微博,"189
关注","3411289
粉丝","6349
微博","友情链接：
肖战微博
肖战工作室"
25,https://weibo.com/234390584,戚薇超话粉丝大咖,"656
关注","20819
粉丝","10257
微博","昵称：
一位酥肉
所在地：
湖南
性别：
女
生日：
1999年12月23日
个性域名：
https://weibo.com/234390584 https://weibo.com/nichyxi
简介：
不要私信了直接来我家
注册时间：
2013-06-13
大学：
重庆工商大学 (2017年)
美术学院
标签：
唱K
视频音乐
旅游"
26,https://weibo.com/u/3306017473,娱乐博主,"545
关注","44784
粉丝","35374
微博","昵称：
caihongtangswwrgv
所在地：
重庆
性别：
女
生日：
1998年10月30日
简介：
本人的所有发言仅代表个人言论
注册时间：
2013-08-19
公司："
27,https://weibo.com/reginawq?refer_flag=0000015010_&from=feed&loc=nickname,演员万茜,"432
关注","6904455
粉丝","2042
微博","昵称：
万茜
所在地：
其他
性别：
女
生日：
5月14日
博客：
http://blog.sina.com.cn/reginawq
个性域名：
https://weibo.com/reginawq
简介：
工作联系zhuoyu318@vip.126.com
注册时间：
2009-08-27
大学：
上海戏剧学院
表演系 上海戏剧学院"
28,https://weibo.com/esteelauder,雅诗兰黛,"156
关注","3665660
粉丝","10141
微博","友情链接：
天猫"
29,https://weibo.com/u/3054324425,剧评人,"240
关注","6686219
粉丝","17014
微博","昵称：
知名美少女观众
所在地：
北京
性别：
女
注册时间：
2012-10-20"
30,https://weibo.com/u/6426442002,热爱所有值得热爱的💙,"31
关注","102
粉丝","29
微博","昵称：
羽光化鸿-Aliya
所在地：
其他
性别：
男
生日：
1970年1月1日
简介：
热爱所有值得热爱的💙
注册时间：
2017-12-06"
31,https://weibo.com/u/6531408181,娱乐博主,"202
关注","37889
粉丝","2216
微博","昵称：
兔子灯笼
所在地：
其他
性别：
男
注册时间：
2018-04-21"
32,https://weibo.com/u/5809913431,知名娱乐博主,"265
关注","726828
粉丝","33779
微博","昵称：
西莫DAYTOY
所在地：
北京 东城区
性别：
女
生日：
1991年10月5日
简介：
肖战一生推🤓 【图频禁二传|二改|商用】
注册时间：
2015-12-27
大学：
重庆工商大学 (2010年)
标签：
花样美男"
33,https://weibo.com/u/6828483542,每天都需要百分百努力💪卫：xiaopishiwoya,"0
关注","96858
粉丝","43691
微博","昵称：
李才屁股瓣
所在地：
上海 黄浦区
性别：
女
生日：
2001年10月15日
简介：
每天都需要百分百努力💪卫：xiaopishiwoya
注册时间：
2018-11-08"
34,https://weibo.com/u/5639305668,问答答主,"67
关注","171
粉丝","169
微博","昵称：
甜茶oi
所在地：
湖北 武汉
性别：
男
生日：
1999年9月15日
简介：
一个爱搞抽奖的小飞侠
注册时间：
2015-06-24"
35,https://weibo.com/u/1658631917,知名娱乐博主,"1463
关注","326432
粉丝","4111
微博","昵称：
饭圈嘟嘟
所在地：
北京
性别：
男
注册时间：
2009-11-05"
36,,,,,,"汤晨44188
我的经验值： 加关注签到得经验值"
37,https://weibo.com/u/6475004534,知名娱乐博主,"272
关注","2455390
粉丝","2404
微博","昵称：
追星PD
所在地：
北京
性别：
女
生日：
1994年10月5日
简介：
国家一级追星资格证持有者
注册时间：
2018-01-31"
38,https://weibo.com/baiyiyisugar,热爱，可抵岁月漫长！,"410
关注","1198
粉丝","1743
微博","昵称：
白依依是鲸鱼呀
所在地：
广东 广州
性别：
女
生日：
巨蟹座
博客：
http://blog.sina.com.cn/yujungongqingcheng
个性域名：
https://weibo.com/baiyiyisugar
简介：
热爱，可抵岁月漫长！
注册时间：
2011-02-25
标签：
写作
绘画
历史
文学
巨蟹座
艺术
吃
小说
上网
宅"
39,https://weibo.com/u/6984262573,爆竹声响超话小主持人,"263
关注","23495
粉丝","776
微博","昵称：
肖战事件受害者创作bot
所在地：
北京
性别：
男
生日：
1991年10月5日
简介：
愿这个bot早日失去存在的意义。
注册时间：
2019-02-04
公司：
仲夏之月文化传媒有限公司
大学：
重庆工商大学"
40,https://weibo.com/u/7291736138,solo追星🌈涼子🌙&菜菜🌞治愈净土,"15
关注","47834
粉丝","1409
微博","昵称：
肖笔尖儿
所在地：
其他
性别：
女
生日：
2019年8月28日
简介：
solo追星🌈涼子🌙&菜菜🌞治愈净土
注册时间：
2019-08-25
标签：
插画师"
41,https://weibo.com/u/6381159202,娱乐博主,"468
关注","16006
粉丝","17629
微博","昵称：
春日樱花集
所在地：
重庆
性别：
女
生日：
天秤座
简介：
遍地都是月光 月亮只你一个
注册时间：
2017-10-04"
42,https://weibo.com/smgbestv,百视通网络电视技术发展有限责任公司官方微博,"169
关注","448038
粉丝","19648
微博","联系人：
微博关注爱逗-IDOL
电话：
4008600637
友情链接：
OPG东方明珠
爱逗IDOL"
43,https://weibo.com/u/5125136122,娱乐博主 微博剪辑视频博主,"547
关注","30997
粉丝","11344
微博","昵称：
北向故里
所在地：
北京 朝阳区
性别：
女
生日：
1995年9月14日
简介：
想发什么就发什么
注册时间：
2014-09-14
公司：
大学：
曲阜师范大学 (2014年)
经济管理系"
44,https://weibo.com/u/6747117535,我余光中全是你,"307
关注","2168
粉丝","4635
微博","昵称：
·桃涡·
所在地：
其他
性别：
男
生日：
2018年10月5日
简介：
我余光中全是你
注册时间：
2018-10-06
大学：
重庆工商大学"
45,https://weibo.com/ziyzizai,人无趣不可与交,"169
关注","405937
粉丝","16980
微博","昵称：
我桃桃渡河而来
所在地：
北京
性别：
女
个性域名：
https://weibo.com/ziyzizai
简介：
人无趣不可与交
注册时间：
2010-03-23"
46,https://weibo.com/zdjzyd2011,娱乐博主 微博原创视频博主,"566
关注","140513
粉丝","6270
微博","昵称：
Freedom·肖戰
真实姓名：
周恋
所在地：
上海
性别：
男
性取向：
同性恋
感情状况：
单身
生日：
1994年10月5日
个性域名：
https://weibo.com/zdjzyd2011
简介：
本来准备开站子的铁血唯粉。
注册时间：
2012-10-11
公司：
大学：
上海交通大学 (2010年)
美术系
标签：
小女人
80后宅女
夜猫子
健康
美食
美女
时尚
娱乐"
47,https://weibo.com/u/6530260851,想发什么就发什么,"148
关注","38833
粉丝","1948
微博","昵称：
不愿YEE
所在地：
浙江
性别：
女
生日：
天秤座
简介：
想发什么就发什么
注册时间：
2018-04-18"
48,https://weibo.com/u/6424341827,娱乐博主,"396
关注","8532
粉丝","10068
微博","昵称：
福灵剂飞来
所在地：
天津
性别：
女
生日：
1997年3月6日
简介：
Love lets us reach beyond ourselves.
注册时间：
2017-12-11
公司：
中国银行
大学：
南京大学"
49,https://weibo.com/u/5372288504,娱乐博主,"441
关注","64390
粉丝","12183
微博","昵称：
itsashou_
所在地：
重庆
性别：
女
生日：
天秤座
简介：
高贵上等人，休想教育我
注册时间：
2014-12-09
大学：
重庆工商大学 (2014年)"
50,https://weibo.com/u/7315976590,微博剪辑视频博主 娱乐博主 肖战超话粉丝大咖,"884
关注","22507
粉丝","7623
微博","昵称：
Sean家Sweet
所在地：
其他
性别：
女
生日：
天秤座
简介：
一只甜虾 喜欢肖战
注册时间：
2019-10-08"
51,https://weibo.com/u/6585364613,统一企业开小灶官方微博,"54
关注","569558
粉丝","512
微博",
52,https://weibo.com/woaizhenguoli,内蒙古蒙牛乳业（集团）股份有限公司,"78
关注","4961505
粉丝","7409
微博","联系人：
客服电话
电话：
400-6603333"
53,https://weibo.com/u/2883176142,快乐散粉 不常在线,"171
关注","28946
粉丝","4026
微博","昵称：
磕什么磕
所在地：
其他
性别：
女
生日：
2017年10月4日
简介：
快乐散粉 不常在线
注册时间：
2012-07-29
标签：
房产"
54,https://weibo.com/u/3028215832,娱乐综艺视频自媒体 知名娱乐博主,"240
关注","3027311
粉丝","14481
微博","昵称：
娱扒爷
所在地：
其他
性别：
男
简介：
爱国爱家爱粉丝。
注册时间：
2012-12-16
邮箱：
3152655162@qq.com
：
Alabama A (2003年)
标签：
电影爱好者"
55,https://weibo.com/amyjacqueline,一枝红杏户山香,"868
关注","791
粉丝","13207
微博","昵称：
厚道香推_Cyanus在东京花园剧场
所在地：
海外 日本
性别：
男
生日：
狮子座
个性域名：
https://weibo.com/amyjacqueline
简介：
一枝红杏户山香
注册时间：
2010-11-28
公司：
东日本旅客铁道
地区：海外 ，日本
职位：阿德利企鹅智商培养课"
56,https://weibo.com/u/6375271892,水中之影 只为肖战 🌈 L'Ombre Dans L'Eau,"3
关注","316765
粉丝","313
微博","昵称：
ODE1005丨肖战
所在地：
北京 东城区
性别：
男
生日：
1991年10月5日
简介：
水中之影 只为肖战 🌈 L'Ombre Dans L'Eau
注册时间：
2017-09-25"
57,https://weibo.com/xb910,LOFTER 资深插画师,"254
关注","85952
粉丝","7083
微博","昵称：
菇倒王子
所在地：
四川 成都
性别：
女
感情状况：
丧偶
生日：
处女座
博客：
http://gdwz910.lofter.com/
个性域名：
https://weibo.com/xb910
简介：
不混圈野生垫底画手，啥也不是，没有粉籍。
注册时间：
2010-08-24
标签：
肖战
追剧狂人
三次元
二次元
国剧
剑三
李易峰
声控
设定控"
58,https://weibo.com/u/1622290293?refer_flag=0000015010_&from=feed&loc=nickname,S.K.Y成员 队长李希侃,"208
关注","6129482
粉丝","362
微博","昵称：
SKY-李希侃
所在地：
浙江
性别：
男
简介：
S.K.Y@service.alibaba.com
注册时间：
2012-02-12"
59,https://weibo.com/u/5619926600,肖战超话粉丝大咖,"242
关注","29826
粉丝","10436
微博","昵称：
溺水小刀片
所在地：
海外
性别：
女
生日：
2000年3月27日
简介：
熄灯了 月亮永远为哥哥留着
注册时间：
2016-12-30
公司：
虾爬子有限不负责任公司 (2019 - 2020)
地区：北京
职位：设计部
大学：
重庆工商大学 (2015年)
经济管理学院"
60,https://weibo.com/u/6157726889,改名儿了，原id：剧荒了呜呜,"1133
关注","25392
粉丝","13525
微博","昵称：
唐三带我躺赢
所在地：
四川
性别：
男
简介：
改名儿了，原id：剧荒了呜呜
注册时间：
2017-03-04"
61,https://weibo.com/u/1892182450,我是普通人 我喜欢肖战,"278
关注","22464
粉丝","6468
微博","昵称：
美薯赞酱
所在地：
海外
性别：
女
生日：
1949年9月16日
博客：
http://blog.sina.com.cn/panjiamei87
简介：
我是普通人 我喜欢肖战
注册时间：
2010-12-11
公司：
美薯赞酱
地区：海外 ，其他
职位：大BOSS
标签：
健康
娱乐
美食
旅游"
62,https://weibo.com/u/3690663182,自在如风，无畏去爱。今天也想见你。私信已关闭。,"389
关注","34472
粉丝","38682
微博","昵称：
深茶Daisy
所在地：
浙江
性别：
女
生日：
天秤座
简介：
自在如风，无畏去爱。今天也想见你。私信已关闭。
注册时间：
2013-08-02"
63,https://weibo.com/u/3168541670,𝓟𝓮𝓪𝓬𝓱𝓶𝓸𝓾𝓼𝓼𝓮.,"316
关注","4637
粉丝","1011
微博","昵称：
桃绛慕斯
所在地：
重庆
性别：
女
生日：
1999年3月23日
简介：
𝓟𝓮𝓪𝓬𝓱𝓶𝓸𝓾𝓼𝓼𝓮.
注册时间：
2013-01-28
公司：
大学：
重庆工商大学"
64,https://weibo.com/u/3873782024,肖战粉丝团网宣官方微博,"100
关注","1026238
粉丝","4796
微博",
65,https://weibo.com/FUGUOGUANGYIN,美無禁忌,"885
关注","4078
粉丝","1792
微博","昵称：
·巡桃尾·
所在地：
其他
性别：
女
个性域名：
https://weibo.com/FUGUOGUANGYIN
简介：
美無禁忌
注册时间：
2014-07-23
公司：
脸红的思桃期
大学：
重庆工商大学"
66,https://weibo.com/u/5850773012,他还没有填写个人简介,"109
关注","147
粉丝","103
微博","昵称：
高0惨妇杜炀
所在地：
广东
性别：
男
注册时间：
2016-02-05"
67,https://weibo.com/u/2447034645?refer_flag=0000015010_&from=feed&loc=nickname,NINE PERCENT成员 乐华NEXT成员,"59
关注","22634322
粉丝","714
微博","昵称：
THEO-朱正廷
所在地：
其他
性别：
男
感情状况：
单身
生日：
1996年3月18日
简介：
工作事宜请联系：bdnext@yuehuamusic.com
注册时间：
2011-12-09
大学：
上海戏剧学院 (2014年)
舞蹈系
标签：
小说
摄影师
迷糊
美剧迷
双鱼
旅游美食爱好者
随性
爱幻想
时尚
旅游"
68,https://weibo.com/graziachina,知名时尚杂志,"977
关注","8529998
粉丝","25139
微博",
69,https://weibo.com/u/6001264914,希望傻逼天天死一个,"439
关注","515
粉丝","107
微博","昵称：
bbnobb_
所在地：
浙江 嘉兴
性别：
女
生日：
2001年12月8日
简介：
希望傻逼天天死一个
注册时间：
2016-08-15
大学：
四川美术学院"
70,https://weibo.com/LikeTCC,致力于寻找亚洲美丽面孔,"866
关注","1667689
粉丝","3629
微博",
71,https://weibo.com/u/5601456932,微博娱评团成员 微博2018十大影响力娱乐博主 知名娱乐博主,"131
关注","4220896
粉丝","35417
微博","昵称：
Rabbit每日爆料
所在地：
北京 东城区
性别：
男
生日：
天秤座
简介：
说一些你想知道的
注册时间：
2015-05-03
标签：
八卦杂谈"
72,https://weibo.com/u/1705911273,肖战超话粉丝大咖 娱乐博主 微博原创视频博主 新鲜事作者,"869
关注","13854
粉丝","3263
微博","昵称：
聆阙歌揽妃入怀·落雁惊鸿
所在地：
四川
性别：
女
生日：
1993年3月1日
简介：
既然生，便与夏花一样的绚烂； 既然爱，便要付出所有的情感。
注册时间：
2011-02-16
公司：
大学：
四川工商学院 (2011年)
财务管理
标签：
娱乐"
73,https://weibo.com/u/6612361277,肖战超话粉丝大咖 微博原创视频博主,"576
关注","569
粉丝","955
微博","昵称：
养一个樂哆
所在地：
浙江 杭州
性别：
女
生日：
2000年9月24日
简介：
热爱可抵岁月漫长💫
注册时间：
2018-07-26
大学：
中国计量大学 (2018年)
光学与电子科技学院"
74,https://weibo.com/oppo,OPPO企业官方微博,"370
关注","24304128
粉丝","13754
微博","电话：
95018
友情链接：
OPPO官网
OPPO贴吧
OPPO官方社区
OPPO 空间
OPPO天猫旗舰店
OPPO全国服务网点"
75,https://weibo.com/u/6560266387,置顶看精选/七点之前我不在,"648
关注","491
粉丝","3671
微博","昵称：
-小桉爱小源-
所在地：
其他
性别：
女
生日：
摩羯座
简介：
置顶看精选/七点之前我不在
注册时间：
2018-12-25"
76,https://weibo.com/u/5210862708,娱乐热头条官方微博,"334
关注","3002369
粉丝","8603
微博",
77,https://weibo.com/u/5679760242,微博原创视频博主 娱乐博主 肖战超话粉丝大咖,"597
关注","34942
粉丝","23798
微博","昵称：
偷凉_
所在地：
海外
性别：
女
生日：
1998年1月17日
简介：
肖是心尖月，战是持剑戈。肖是月上一点光，战是占据半边我。
注册时间：
2015-09-05"
78,https://weibo.com/u/1318994717,问答答主,"61
关注","67
粉丝","722
微博","昵称：
小仙女奈酱
所在地：
江苏
性别：
女
生日：
白羊座
简介：
爱弟弟
注册时间：
2012-01-30
标签：
旅游"
79,https://weibo.com/u/1649603817,专注抵制肖战,"14
关注","68
粉丝","1070
微博","昵称：
悬崖边的小草儿
所在地：
上海 黄浦区
性别：
女
生日：
射手座
简介：
专注抵制肖战
注册时间：
2009-12-10
标签：
美食
萌宠"
80,https://weibo.com/u/7337377770,被禁言了，新号：雾凇慕斯,"167
关注","28241
粉丝","4028
微博","昵称：
嘲虾bot
所在地：
新疆
性别：
男
生日：
1987年8月17日
简介：
被禁言了，新号：雾凇慕斯
注册时间：
2019-11-14
公司：
日本漫画设计工作室 (2020 - 2020)
地区：海外 ，日本
职位：CEO
：
日本福祉大学 (2019年)
工商管理
大学：
香港大學 (2015年)
工商管理"
81,https://weibo.com/u/6128207523,微博电视团成员 娱乐博主,"383
关注","5010627
粉丝","4248
微博","昵称：
青春影视君
所在地：
北京 东城区
性别：
男
生日：
2017年1月31日
简介：
娱乐博主
注册时间：
2017-01-30"
82,https://weibo.com/chefen1998,娱乐博主,"203
关注","47537
粉丝","11854
微博","昵称：
虾圈兔
所在地：
北京 东城区
性别：
女
感情状况：
单身
生日：
1998年7月29日
个性域名：
https://weibo.com/chefen1998
简介：
别回头 我在身后
注册时间：
2017-12-21
公司：
大学：
西安工商学院 (2016年)
商学院
标签：
古灵精怪"
83,https://weibo.com/u/6522420837,她还没有填写个人简介,"289
关注","28360
粉丝","528
微博","昵称：
裂像对焦
所在地：
重庆
性别：
女
注册时间：
2018-04-06"
84,https://weibo.com/u/5902696506?refer_flag=0000015010_&from=feed&loc=nickname,时代少年团组合成员 贺峻霖,"51
关注","3311604
粉丝","816
微博","昵称：
时代少年团-贺峻霖
所在地：
四川
性别：
男
生日：
2004年6月15日
简介：
时代少年团组合成员 贺峻霖
注册时间：
2016-04-21"
85,https://weibo.com/jncfdws,剧评人 肖战超话粉丝大咖 微博签约自媒体,"131
关注","840443
粉丝","4932
微博","昵称：
仲夏星河月
所在地：
海外 瑞士
性别：
男
生日：
天蝎座
个性域名：
https://weibo.com/jncfdws
简介：
肖战纯唯，只爱肖战。只在微博和抖音有产出，所有原创内容，转载请注明出处。
注册时间：
2013-08-17"
86,https://weibo.com/u/7459059014,XiaoZhan's Fan Club,"132
关注","81
粉丝","5009
微博","昵称：
NamNhow
所在地：
海外 泰国
性别：
女
生日：
1996年3月2日
简介：
XiaoZhan's Fan Club
注册时间：
2020-05-24
公司：
EDS Thailand (2010 - 2020)
地区：海外 ，泰国"
87,https://weibo.com/u/5246443142,娱乐博主,"580
关注","3671
粉丝","8205
微博","昵称：
沽酒青旗
所在地：
上海 南汇区
性别：
女
生日：
2001年7月22日
简介：
星星就一直都在天上吧，我在人间烟火里深爱着你就足够了
注册时间：
2014-08-10
大学：
重庆工商大学
标签：
宠物图集
美食
新闻趣事
搞笑幽默
名人明星"
88,https://weibo.com/u/1190094433,音乐博主 音乐视频自媒体,"380
关注","6510234
粉丝","8692
微博","昵称：
嗨呗
所在地：
北京 西城区
性别：
女
生日：
处女座
简介：
美是上帝的微笑，音乐是上帝的声音。
注册时间：
2013-08-09
标签：
麦霸
经典老歌
影视金曲
流行歌曲
歌迷
金曲
乐曲
歌曲
音楽
音乐"
89,https://weibo.com/hoganinchina,Hogan中国官方微博,"231
关注","177746
粉丝","4137
微博","友情链接：
HOGAN官方网站"
90,https://weibo.com/574422122,微博知名情感博主 知名娱乐博主 视频自媒体,"396
关注","5511475
粉丝","9795
微博","昵称：
圈内鱼报
所在地：
北京
性别：
女
个性域名：
https://weibo.com/574422122
简介：
合作qq ：16038986
注册时间：
2014-04-05
标签：
情感
搞笑"
91,https://weibo.com/thugsforlife,微博原创视频博主,"141
关注","164537
粉丝","13738
微博","昵称：
nuIlity
所在地：
其他
性别：
男
生日：
狮子座
个性域名：
https://weibo.com/thugsforlife
简介：
我的月亮☽
注册时间：
2018-04-24
大学：
重庆工商大学 (2019年)"
92,https://weibo.com/sickipedia,微博2018十大影响力幽默大V 微博知名博主 微博签约自媒体,"778
关注","10546614
粉丝","32681
微博","昵称：
英式没品笑话百科
所在地：
海外 英国
性别：
男
生日：
4月29日
博客：
http://meipintu.com
个性域名：
https://weibo.com/sickipedia
简介：
分享各种奇怪笑点和奇妙脑洞。微信公众号：meipinbaike
注册时间：
2011-05-07
标签：
笑话
互联网
sickipedia
geek
歧视
重口味
冷笑话
没品"
93,https://weibo.com/u/5599143230,娱乐博主 饭制视频自媒体,"886
关注","31276
粉丝","7900
微博","昵称：
芒果大将军
所在地：
重庆
性别：
男
感情状况：
单身
生日：
射手座
简介：
肖战wf 不是yxh
注册时间：
2015-06-24
公司：
大学：
重庆工商大学 (2009年)
理科"
94,https://weibo.com/u/5646494627,是非在己 毁誉由人,"237
关注","182098
粉丝","3141
微博","昵称：
奶盖泡澡身体好
所在地：
海外 日本
性别：
女
生日：
1998年2月28日
简介：
是非在己 毁誉由人
注册时间：
2015-07-05
公司：
古董玩具店 (2019 - 2019)
地区：江苏 ，南京
职位：货架摆放员
大学：
南京大学 (2019年)
昭和桔子"
95,https://weibo.com/junezoo418?refer_flag=0000015010_&from=feed&loc=nickname,歌手 音乐制作人,"442
关注","2058666
粉丝","2440
微博","昵称：
朱婧汐JING
所在地：
其他
性别：
女
个性域名：
https://weibo.com/junezoo418
简介：
头像即本人！ 工作请联系： business@akinimusic.com / moira.chik@akinimusic.com
注册时间：
2010-04-12"
96,https://weibo.com/u/7266317551,娱乐博主,"242
关注","114879
粉丝","1344
微博","昵称：
来一缸糖
所在地：
四川
性别：
女
生日：
射手座
简介：
他们是真的，我是假的
注册时间：
2019-07-29"
97,https://weibo.com/u/7199299666,好好学习天天向上,"171
关注","35
粉丝","1384
微博","昵称：
Victorydepp
所在地：
其他
性别：
女
生日：
2001年2月28日
简介：
好好学习天天向上
注册时间：
2019-06-18
大学：
北京语言大学"
98,https://weibo.com/u/6588319565,娱乐博主,"275
关注","7082
粉丝","2416
微博","昵称：
守护兔桃
所在地：
广东
性别：
女
生日：
1994年10月1日
简介：
永远爱肖肖！！！
注册时间：
2018-06-30"
99,https://weibo.com/u/7361291352,已死,"160
关注","33115
粉丝","937
微博","昵称：
今天也要flex
所在地：
湖北
性别：
女
生日：
2000年4月24日
简介：
已死
注册时间：
2019-12-24"
100,https://weibo.com/nasama,上海星麦文化传播有限公司短视频制作人 知名电视剧博主,"1257
关注","1574471
粉丝","9334
微博","昵称：
星闻剧场
所在地：
海外 澳大利亚
性别：
女
个性域名：
https://weibo.com/nasama
简介：
追星er 追剧er
注册时间：
2010-05-27
标签：
综艺
电影
电视剧
明星"
101,https://weibo.com/u/3480164767,娱乐博主,"759
关注","93926
粉丝","22666
微博","昵称：
肖战明天娶我
所在地：
重庆 巴南区
性别：
男
生日：
天秤座
博客：
http://weibo.com/p/1005053480164767/info?mod=pedit
简介：
为你战死，是我至高无上的荣耀。
注册时间：
2013-05-19
大学：
重庆工商大学 (2014年)
艺术
标签：
名人明星
八卦杂谈
新闻热点
驻马店生活
美容服饰
奋斗
阳光
发呆
爱笑
爱电影"
102,https://weibo.com/u/6751208526,不是虾 是你嫂子,"403
关注","17430
粉丝","17785
微博","昵称：
小猋
所在地：
重庆
性别：
男
生日：
1991年10月5日
简介：
不是虾 是你嫂子
注册时间：
2018-10-08
公司：
肖战工作室
大学：
重庆工商大学"
103,https://weibo.com/u/5242952434,💘,"690
关注","12081
粉丝","2506
微博","昵称：
-Iiiicey-
所在地：
四川
性别：
女
生日：
天秤座
简介：
💘
注册时间：
2014-08-06"
104,https://weibo.com/u/2291758230,匪夷所思,"570
关注","153
粉丝","784
微博","昵称：
亦丫yoyo
所在地：
湖北 武汉
性别：
女
生日：
1991年1月1日
简介：
匪夷所思
注册时间：
2012-04-10
标签：
娱乐
就算天塌了
也要笑着"
105,https://weibo.com/u/5708209132,娱乐博主,"2058
关注","37216
粉丝","2389
微博","昵称：
吃瓜吧八卦
所在地：
其他
性别：
男
生日：
1999年1月15日
简介：
大号禁止 小号@瓜瓜快乐
注册时间：
2015-09-22"
106,https://weibo.com/u/6683206678,此号也被禁言，临时启用@黑土豆装白莲儿3,"97
关注","6258
粉丝","1067
微博","昵称：
黑土豆装白莲儿2
所在地：
浙江
性别：
男
生日：
1984年6月8日
简介：
此号也被禁言，临时启用@黑土豆装白莲儿3
注册时间：
2018-09-06"
107,https://weibo.com/u/5663195479,微博剪辑视频博主 娱乐博主,"505
关注","28924
粉丝","4173
微博","昵称：
忆笛君妤
所在地：
云南
性别：
女
生日：
1998年11月20日
简介：
在遇见你的那一刻 浩瀚众星 皆降为尘
注册时间：
2015-07-29
公司：
肖战公司 (2011 - 2014)
地区：重庆
职位：财务部门
大学：
重庆商学院"
108,https://weibo.com/u/7068075256,普粉一枚，中专女工，顾家兄弟妻子，看不懂长文，恐装逼人士,"282
关注","13
粉丝","6412
微博","昵称：
我不是大聪明llll
所在地：
黑龙江
性别：
女
简介：
普粉一枚，中专女工，顾家兄弟妻子，看不懂长文，恐装逼人士
注册时间：
2019-04-07"
109,https://weibo.com/u/7384945358,戒骄戒躁戒熬夜,"5
关注","62174
粉丝","147
微博","昵称：
不要回头·肖战
所在地：
海外
性别：
男
生日：
1991年10月5日
简介：
戒骄戒躁戒熬夜
注册时间：
2020-02-02"
110,https://weibo.com/u/6188490765,搬砖社畜，随缘在线，肖战退圈之日即弃号之时。,"196
关注","1398
粉丝","3905
微博","昵称：
千山不送
所在地：
其他
性别：
女
简介：
搬砖社畜，随缘在线，肖战退圈之日即弃号之时。
注册时间：
2017-04-03"
111,https://weibo.com/u/5241322950,娱乐博主,"147
关注","32356
粉丝","3281
微博","昵称：
反派水蜜桃
所在地：
其他
性别：
女
生日：
1960年9月12日
简介：
¨̮ ᴴᴬᵛᴱ ᴬ ᴳᴼᴼᴰ ᵀᴵᴹᴱ
注册时间：
2014-08-04"
112,https://weibo.com/u/1982657625,禁言15天。秽土转生：金碟打牌化三清。,"70
关注","12052
粉丝","573
微博","昵称：
金碟打牌碎星辰
所在地：
重庆
性别：
男
简介：
禁言15天。秽土转生：金碟打牌化三清。
注册时间：
2011-02-21
大学：
墨尔本大学
标签：
文弱"
113,https://weibo.com/cctvmxxdd,CCTV经典咏流传,"574
关注","3529980
粉丝","10357
微博",
114,https://weibo.com/u/7288511484,他还没有填写个人简介,"10
关注","56533
粉丝","5556
微博","昵称：
南山大道nsdd
所在地：
其他
性别：
男
生日：
双子座
注册时间：
2019-08-22"
115,https://weibo.com/u/6659734311,微博原创视频博主,"408
关注","860
粉丝","6607
微博","昵称：
Angelariary
所在地：
重庆
性别：
女
生日：
白羊座
简介：
一起头也不回地向着光走下去吧！
注册时间：
2018-08-25
大学：
重庆工商大学"
116,https://weibo.com/yishichangan0273,微博剪辑视频博主,"276
关注","7958
粉丝","3943
微博","昵称：
弋桉
所在地：
贵州
性别：
女
生日：
1996年6月6日
个性域名：
https://weibo.com/yishichangan0273
简介：
来日方长，未来可期||B站ID: -弋桉 -
注册时间：
2011-09-30
标签：
博客
媒体
校园
浪漫
双子座
艺术
娱乐
电影
时尚
音乐"
117,https://weibo.com/worldlyidealxz,人间蹉跎 你是唯一值得✨ 关于图片视频问题看置顶✨,"4
关注","52269
粉丝","452
微博","昵称：
Worldlyideal_肖战
所在地：
北京
性别：
女
生日：
1991年10月5日
个性域名：
https://weibo.com/worldlyidealxz
简介：
人间蹉跎 你是唯一值得✨ 关于图片视频问题看置顶✨
注册时间：
2019-09-08"
118,https://weibo.com/u/6029943359,娱乐博主 博君一肖超话粉丝大咖,"224
关注","65814
粉丝","1884
微博","昵称：
笛子star
所在地：
其他
性别：
女
生日：
1998年5月17日
简介：
剪刀手✂️ 写文的✏️ 我喜欢的人永远最棒！产出🈲️搬运
注册时间：
2016-09-21
标签：
编剧
电视剧
影视
剪辑"
119,https://weibo.com/u/5892806894,微博韩流视频账号 知名娱乐博主 娱乐综艺视频自媒体,"325
关注","2788053
粉丝","37108
微博","昵称：
视频主
所在地：
海外 美国
性别：
女
感情状况：
求交往
生日：
白羊座
博客：
http://blog.sina.com.cn/shipinzhu
简介：
娱乐明星、韩娱、饭制视频，投稿及合作请直接私信
注册时间：
2016-04-06
标签：
热播综艺
饭制视频
电视剧
娱乐
明星
韩剧"
120,https://weibo.com/u/5850457719,娱乐博主,"1087
关注","130513
粉丝","33387
微博","昵称：
心碎却着迷
所在地：
重庆
性别：
女
生日：
1999年7月11日
简介：
请肖战一定要幸福顺利
注册时间：
2016-02-05
大学：
福建师范大学
重庆工商大学"
121,https://weibo.com/u/5974298950,电影博主,"631
关注","1452433
粉丝","1108
微博","昵称：
影视场刊
所在地：
其他
性别：
女
简介：
原账号叫@电影场刊 现在改名啦，数据还会继续做，也会发些自己私人喜欢的东西
注册时间：
2016-07-01
标签：
电影"
122,https://weibo.com/u/5750065722,我的愛 從古代和你回來,"505
关注","1243
粉丝","12159
微博","昵称：
西决k625
所在地：
内蒙古 巴彦淖尔市
性别：
男
简介：
我的愛 從古代和你回來
注册时间：
2015-11-07"
123,https://weibo.com/u/7214800845?refer_flag=0000015010_&from=feed&loc=nickname,腾讯视频《明日之子乐团季》学员,"81
关注","2727243
粉丝","242
微博","昵称：
鼓手胡宇桐
所在地：
其他
性别：
男
注册时间：
2019-07-02"
124,https://weibo.com/u/6431359521,微博娱评团成员 微博电视团成员 芒果影视超话主持人 知名电视剧博主,"1004
关注","4284333
粉丝","27884
微博","昵称：
芒果影视台
所在地：
湖南
性别：
女
简介：
商务合作 粉丝投稿 请私信
注册时间：
2017-12-11
大学：
湖南大学 (2005年)
传播学院
标签：
影视娱乐
電影
电视剧
电影迷"
125,https://weibo.com/u/2170436132,知名娱乐博主,"155
关注","240743
粉丝","45725
微博","昵称：
-Awide-
所在地：
海外
性别：
女
生日：
巨蟹座
简介：
不哭，带你去看小兔子
注册时间：
2011-06-12
标签：
90后
手机"
126,https://weibo.com/u/5459748072,知名电视剧博主,"354
关注","140361
粉丝","19758
微博","昵称：
学好解剖的SK
所在地：
北京
性别：
女
生日：
1991年4月16日
简介：
快乐追剧 一起吃瓜～
注册时间：
2015-01-02
公司：
大学：
北京电影学院 (2006年)
表演
标签：
名人明星
搞笑幽默"
127,https://weibo.com/u/1569027901,肖红超话小主持人,"985
关注","60019
粉丝","13251
微博","昵称：
浅色夏沫拥抱你
所在地：
四川 成都
性别：
女
生日：
1991年12月26日
博客：
http://blog.sina.com.cn/xueqinhanxue
简介：
虽然爱上你的时候已经错过了陪你一起经历风雨，至少以后的每一天都会陪你一起成长。
注册时间：
2010-05-07
标签：
育儿百科
新闻趣事
美容服饰
搞笑幽默"
128,https://weibo.com/u/7266942213,私信没关，啥都能发给我（看看），接投稿，唠嗑也彳亍，炫耀爱豆也可（要是丑我会嘲的，理直气壮.JPG,"773
关注","2220
粉丝","15335
微博","昵称：
illululusion
所在地：
重庆
性别：
女
生日：
射手座
简介：
私信没关，啥都能发给我（看看），接投稿，唠嗑也彳亍，炫耀爱豆也可（要是丑我会嘲的，理直气壮.JPG
注册时间：
2019-07-29
公司：
天地银行
标签：
熬夜冠军
抵制肖战"
129,https://weibo.com/u/5661635050,肖战超话粉丝大咖,"563
关注","665
粉丝","25988
微博","昵称：
美学的终极奥义
所在地：
上海 徐汇区
性别：
男
生日：
天秤座
简介：
星座爱好者
注册时间：
2015-07-27
公司：
188 (2020 - 2020)
地区：澳门
职位：营销总监
188 (2017 - 2017)
地区：北京
职位：财务经理
大学：
澳门科技大学 (2016年)
国际贸易"
130,https://weibo.com/u/3188348820,她还没有填写个人简介,"131
关注","85
粉丝","4011
微博","昵称：
thn-c
所在地：
其他
性别：
女
注册时间：
2013-02-27
标签：
跌在来打坑里了
塑料制品爱好者
竹马党
FFF团
AGE小分队"
131,,,,,,"汤晨44188
我的经验值： 加关注签到得经验值"
132,https://weibo.com/u/5584177376,娱乐博主 娱乐综艺视频自媒体,"542
关注","2088047
粉丝","2970
微博","昵称：
扒娱者
所在地：
北京 朝阳区
性别：
男
生日：
狮子座
简介：
专注综艺/传播娱乐/安利艺人 饭娱乐旗下艺人宣传专用号
注册时间：
2015-04-09"
133,https://weibo.com/u/7189313003,肖老师说，学习重要！,"214
关注","2009
粉丝","545
微博","昵称：
Eatpiepie
所在地：
广东
性别：
女
生日：
天秤座
简介：
肖老师说，学习重要！
注册时间：
2019-06-11"
134,https://weibo.com/u/6260534625,知名电视剧博主,"330
关注","3784309
粉丝","10800
微博","昵称：
追剧大赏
所在地：
北京
性别：
女
生日：
射手座
简介：
联系请私信。
注册时间：
2017-06-01"
135,https://weibo.com/u/5155768914,赞赞子的兔牙守护者超话小主持人,"1069
关注","4309
粉丝","11040
微博","昵称：
tacoiaki·
所在地：
海外
性别：
女
生日：
2001年1月9日
简介：
喜欢动漫！！喜欢画画！！！！还喜欢一个战儿～
注册时间：
2014-05-27
高中：
枫林高中 (2015年)
标签：
Gossip
Funny
Pet
Constellation
Anime"
136,https://weibo.com/345023523,微博知名综艺节目帐号 知名娱乐博主,"566
关注","5930285
粉丝","11592
微博","昵称：
柚子娱乐
所在地：
四川 成都
性别：
男
生日：
天秤座
个性域名：
https://weibo.com/345023523
简介：
联系请私信。
注册时间：
2011-08-03
公司：
有需求请私信
标签：
综艺娱乐
娛樂"
137,https://weibo.com/u/2627471353,肖战超话粉丝大咖,"329
关注","510
粉丝","1921
微博","昵称：
---茉莉清茶--
所在地：
北京 海淀区
性别：
女
生日：
摩羯座
简介：
热爱可抵岁月漫长～余生一直在❤️
注册时间：
2012-02-23
公司：
标签：
旅游
微博奇葩
星座命理
新闻趣事
搞笑幽默"
138,https://weibo.com/u/7216932871,娱乐博主,"331
关注","57689
粉丝","7419
微博","昵称：
新酒记
所在地：
海外
性别：
女
生日：
射手座
简介：
做一场大梦，与夜同命，与日同辉
注册时间：
2019-07-04
大学：
重庆工商大学 (2014年)
吸赞系"
139,https://weibo.com/u/5664233190,知名电视剧博主 电视剧视频自媒体,"396
关注","276349
粉丝","8174
微博","昵称：
是王阿贤
所在地：
海外
性别：
女
生日：
白羊座
简介：
当时少年挥剑斩尽春风
注册时间：
2015-07-31
标签：
宠物图集"
140,https://weibo.com/u/3226714894,娱乐博主 草莓松塔超话主持人,"402
关注","12010
粉丝","24482
微博","昵称：
吃桃的仙子
所在地：
内蒙古
性别：
女
生日：
天蝎座
简介：
在厂职工，太妹一个，没有素质。
注册时间：
2014-01-28
公司：
大学：
河南师范大学 (2020年)
文登师范学校 (2014年)"
141,https://weibo.com/u/5357699078,游戏博主 游戏视频自媒体,"596
关注","34485
粉丝","16685
微博","昵称：
贞劳斯
所在地：
上海
性别：
男
性取向：
异性恋
感情状况：
单身
生日：
金牛座
简介：
主jrpg/srpg/类银河城/mrfz/lol
注册时间：
2014-11-03
大学：
上海对外经贸大学 (2014年)
国际商务外语学院
标签：
游戏爱好者
動漫
特摄控"
142,https://weibo.com/u/6571295178,娱乐博主,"338
关注","202690
粉丝","15308
微博","昵称：
你该美丽中带着刺
所在地：
重庆
性别：
女
生日：
处女座
简介：
美丽赋予你骄矜的权利，你却化成春雨。
注册时间：
2018-06-10
公司：
中国工商银行股份有限公司 (2018 - 2020)
地区：北京
职位：业务部
大学：
北京大学 (2013年)
医学部 北京大学"
143,https://weibo.com/u/5025794158,肖战超话粉丝大咖 娱乐博主,"330
关注","1229
粉丝","17961
微博","昵称：
追不到我了叭
所在地：
北京
性别：
女
生日：
天秤座
简介：
肖战天天开心
注册时间：
2014-02-07
公司：
肖战工作室
大学：
重庆工商大学 (2016年)
现代国际设计艺术 重庆工商大学"
144,https://weibo.com/277200442,Miracle happens.,"1068
关注","7964
粉丝","46183
微博","昵称：
黑冰叔
真实姓名：
蓝蓝路
所在地：
广东
性别：
男
生日：
天蝎座
博客：
http://fc.bangbang93.com
个性域名：
https://weibo.com/277200442 https://weibo.com/noahd
简介：
Miracle happens.
注册时间：
2010-04-17
公司：
炉心工艺服务器 (2012 - )
地区：其他
职位：服主
：
אוניברסיטת חיפה (2005年)"
145,https://weibo.com/SXCU,本地资讯博主（重庆）,"811
关注","743540
粉丝","13319
微博","昵称：
重庆文娱资讯
所在地：
重庆
性别：
女
生日：
2015年1月1日
个性域名：
https://weibo.com/SXCU
简介：
立足重庆，辐射全国！内容投稿、活动邀请、商务合作请私信。
注册时间：
2012-03-13
大学：
重庆大学"
146,https://weibo.com/ruilileon,《男人风尚》官方微博,"296
关注","1346487
粉丝","5154
微博","联系人：
订阅电话
电话：
010-65171508
友情链接：
官方网站
在线订阅"
147,https://weibo.com/u/3925308009?refer_flag=0000015010_&from=feed&loc=nickname,法律博主,"466
关注","2326702
粉丝","578
微博","昵称：
何运晨Yancy
所在地：
浙江 杭州
性别：
男
生日：
天秤座
简介：
做些值得自己未来感谢的事情吧 （heyunchen@jyyg.ltd）
注册时间：
2013-11-30
标签：
视频音乐
名人明星
八卦杂谈
搞笑幽默"
148,https://weibo.com/ggglx,前线娱乐官方微博,"214
关注","7857103
粉丝","18072
微博",
149,https://weibo.com/alenlovetank,远离上等人 只爱屋 不及乌,"332
关注","25692
粉丝","3440
微博","昵称：
双兔小弦弦
所在地：
其他
性别：
女
生日：
双鱼座
个性域名：
https://weibo.com/alenlovetank
简介：
远离上等人 只爱屋 不及乌
注册时间：
2012-07-10
标签：
设计
追星
猫
90后
音乐"
150,https://weibo.com/u/3736415701,肖战超话主持人,"154
关注","984598
粉丝","6503
微博","昵称：
1005号虾虾能量客栈
所在地：
重庆
性别：
男
生日：
1991年10月5日
简介：
1005虾虾能量客栈
注册时间：
2013-08-22
标签：
体育资讯"
151,https://weibo.com/kenny1995,吃瓜鹅官方微博,"78
关注","1823983
粉丝","26409
微博",
152,https://weibo.com/277554945,知名娱乐博主 娱乐综艺视频自媒体,"201
关注","5990509
粉丝","20675
微博","昵称：
吃瓜卫视
所在地：
北京
性别：
男
个性域名：
https://weibo.com/277554945
注册时间：
2013-05-21"
153,https://weibo.com/u/5699590177,智者不入爱河。🌛,"284
关注","237
粉丝","9674
微博","昵称：
啵豹新闻
所在地：
浙江
性别：
女
生日：
1996年9月20日
简介：
智者不入爱河。🌛
注册时间：
2015-09-12
公司：
漂亮男孩营业厅"
154,https://weibo.com/u/2400966427,知名搞笑幽默博主,"1050
关注","2822094
粉丝","68652
微博","昵称：
冬亚
所在地：
云南
性别：
男
性取向：
同性恋
简介：
Hey Luke
注册时间：
2011-10-07
大学：
中国农业大学
标签：
微博要饭为生
矮穷丑挫挊
人形自走吐槽机
屌丝"
155,https://weibo.com/roseonlyshop,诺誓（北京）商业股份有限公司,"62
关注","1271217
粉丝","5961
微博","联系人：
爱的派递员
电话：
400-1314-520
邮箱：
kefu@roseonly.com
友情链接：
官方网站
天猫
实体店址"
156,https://weibo.com/u/6312800790,发牢骚专用博，互联网疾病不要沾我,"284
关注","207
粉丝","583
微博","昵称：
空游杂绪
所在地：
其他
性别：
女
生日：
2001年12月13日
简介：
发牢骚专用博，互联网疾病不要沾我
注册时间：
2017-07-08"
157,https://weibo.com/u/7405498035,他还没有填写个人简介,"132
关注","17
粉丝","1610
微博","昵称：
愤怒的oldschool
所在地：
北京
性别：
男
生日：
1970年1月1日
注册时间：
2020-03-04"
158,https://weibo.com/u/2179711467,娱乐博主 娱乐综艺视频自媒体,"750
关注","99901
粉丝","13029
微博","昵称：
战羡兔紙
所在地：
江苏 南京
性别：
男
生日：
1997年6月30日
简介：
藏在众多孤星之中✨ 还是找得到你
注册时间：
2011-06-15
大学：
中国传媒大学南广学院 (2018年)
标签：
旅遊
服装
影视"
159,https://weibo.com/dfwschineseidol,东方卫视《我们的歌》官方微博,"594
关注","1888619
粉丝","12485
微博",
160,https://weibo.com/u/3392696194,颜值博主,"89
关注","124144
粉丝","10757
微博","昵称：
一个三哈
所在地：
福建 厦门
性别：
男
生日：
1997年9月6日
简介：
肖战的不动资产
注册时间：
2013-05-23
标签：
名人明星
娱乐"
161,https://weibo.com/tencentmusic,腾讯科技（北京）有限公司,"1566
关注","763240
粉丝","18974
微博","友情链接：
腾讯视频音乐频道
腾讯视频演唱会频道"
162,https://weibo.com/jianhuangshi,知名娱乐博主,"816
关注","3208745
粉丝","23401
微博","昵称：
扒圈小猪
所在地：
海外
性别：
女
生日：
1900年1月1日
个性域名：
https://weibo.com/jianhuangshi
简介：
合作qq ：16038986
注册时间：
2014-07-08
标签：
喜欢听歌
简单
看电影
语录
爱电影"
163,https://weibo.com/u/6290577101,虾爬子和米蛆杀手，你饼嘴臭球迷，对线对面什么素质我就什么素质，娃蜜，骂人直接上升不懂也不想精准点...,"374
关注","499
粉丝","13436
微博","昵称：
溺死在深坑里的仙女
所在地：
重庆
性别：
男
生日：
天秤座
简介：
虾爬子和米蛆杀手，你饼嘴臭球迷，对线对面什么素质我就什么素质，娃蜜，骂人直接上升不懂也不想精准点艹，爱好拉黑，楼丝杀手＋女👊 嘲笑先锋
注册时间：
2017-06-20
标签：
各种墙头到处爬
污海难自拔
欧美控电影迷"
164,https://weibo.com/hxdsb,封面新闻华西都市报官方微博,"8329
关注","22342256
粉丝","154092
微博","友情链接：
封面新闻
华西都市报电子版
华西都市网
华西城市读本
华西社区报"
165,https://weibo.com/u/6881948300,暖暖小时光，谢谢你的喜欢❤️,"80
关注","2173
粉丝","297
微博","昵称：
IN小时光面馆
所在地：
湖北 武汉
性别：
男
生日：
1998年8月8日
简介：
暖暖小时光，谢谢你的喜欢❤️
注册时间：
2018-12-11"
166,https://weibo.com/u/6733257358,TME腾讯音乐娱乐旗下《由你音乐榜》官方微博,"693
关注","1411566
粉丝","8588
微博","友情链接：
由你音乐榜官方网站"
167,https://weibo.com/u/7366519560,娱乐博主 肖战超话粉丝大咖,"273
关注","29533
粉丝","9342
微博","昵称：
奶赞阿呜
所在地：
重庆 巴南区
性别：
女
生日：
1991年10月5日
简介：
喜欢肖肖
注册时间：
2020-01-03
大学：
重庆大学 (2020年)
艺术学院 重庆工商大学 (2009年)
艺术设计学院 重庆工商大学"
168,https://weibo.com/u/3198127190,黄濑凉太超话主持人,"64
关注","878
粉丝","4879
微博","昵称：
为纯良干杯
所在地：
江苏
性别：
女
生日：
双子座
简介：
我反227粉，没有乐华忘义博和马桶的227一片散沙 王一博忘义博九漏鱼废物，马桶🚽 粉随正主除了会吃屎啥也不会
注册时间：
2013-02-22
大学：
上海交通大学 (2013年)
标签：
投资理财
游戏动漫
教育就业
旅游"
169,https://weibo.com/u/3800000999,电视剧博主,"165
关注","13078
粉丝","1657
微博","昵称：
-魔君
所在地：
其他
性别：
女
生日：
1998年3月13日
简介：
讨好他人的产出远不如快乐自己的创作
注册时间：
2013-09-19
公司：
散装拉郎剪辑中心
标签：
漫威
平面设计
视频剪辑
自信
文字控
音乐
美图摄影"
170,https://weibo.com/u/6070903737,肖战超话粉丝大咖,"1268
关注","20195
粉丝","11294
微博","昵称：
凌雪为战归
所在地：
湖南
性别：
女
生日：
金牛座
简介：
快乐虾一只，偶尔有产出
注册时间：
2016-11-17"
171,https://weibo.com/u/2949495107,一只平易近人的狗,"903
关注","10090
粉丝","8232
微博","昵称：
景三雾雨虚
所在地：
其他
性别：
女
性取向：
双性恋
生日：
1970年2月2日
简介：
一只平易近人的狗
注册时间：
2012-09-16
标签：
画画
插画
动画
原创"
172,https://weibo.com/u/7372255877,抱图随意，二传cr，授权约稿请私信，不接急稿，🈲 二改,"202
关注","2780
粉丝","1446
微博","昵称：
豆包夏阳
所在地：
海外 英国
性别：
女
生日：
天秤座
简介：
抱图随意，二传cr，授权约稿请私信，不接急稿，🈲 二改
注册时间：
2020-01-15
公司：
大学：
重庆工商大学"
173,https://weibo.com/superjuniorhg,小绿豆的小世界超话主持人,"571
关注","32545
粉丝","5099
微博","昵称：
小绿豆呐
所在地：
重庆
性别：
女
生日：
1995年1月20日
个性域名：
https://weibo.com/superjuniorhg
简介：
你偏要活下去 一直火下去
注册时间：
2010-07-01
标签：
李东海
SUPERJUNIOR
肖战"
174,https://weibo.com/619130789,知名娱乐博主 微博娱乐资讯博主 微博娱评团成员 微博签约自媒体,"705
关注","505322
粉丝","9317
微博","昵称：
深扒王
所在地：
北京
性别：
女
生日：
2006年3月3日
个性域名：
https://weibo.com/619130789
简介：
正义路人，娱乐爆料评论人，最新娱乐资讯。欢迎各家粉丝给深扒投稿，如果有选用的素材原作者不同意发布的，请私信联系删除。
注册时间：
2014-10-25
公司：
SM华谊天娱芒果家亲戚
大学：
北京电影学院 (2003年)
标签：
综艺
影评
时尚
娱乐评论人
电视
娱乐圈
娱乐八卦
娱乐资讯
娱乐
电影"
175,https://weibo.com/u/5876345365,永远为阿中哥打CALL🇨🇳,"522
关注","191
粉丝","2713
微博","昵称：
王八没有文化
所在地：
湖南 长沙
性别：
女
生日：
1919年7月9日
简介：
永远为阿中哥打CALL🇨🇳
注册时间：
2016-03-08"
176,https://weibo.com/u/2151427312,水产和“冰橙汁”都远离我。,"757
关注","10355
粉丝","1322
微博","昵称：
限时I撤回
所在地：
江西
性别：
女
简介：
水产和“冰橙汁”都远离我。
注册时间：
2011-05-30"
177,https://weibo.com/u/2043594273,爱与正义,"23
关注","4127
粉丝","1061
微博","昵称：
伪魔法少女修
所在地：
河南 洛阳
性别：
男
简介：
爱与正义
注册时间：
2011-03-25"
178,https://weibo.com/u/5730651369,我在,"495
关注","53547
粉丝","7049
微博","昵称：
ManlinessMadeMeMatchless
所在地：
海外
性别：
男
简介：
我在
注册时间：
2015-10-18
公司：
兔子窝 (2020 - 2020)
地区：重庆 ，巴南区
职位：保猋"
179,https://weibo.com/u/6332798665,微博剪辑视频博主,"796
关注","1334
粉丝","2904
微博","昵称：
RWTEP
所在地：
重庆 渝中区
性别：
女
生日：
天秤座
简介：
是个美女zhan7.
注册时间：
2017-10-03
大学：
成都学院 (2019年)
文学与新闻传播学院"
180,https://weibo.com/u/3030968965,娱乐博主,"375
关注","342427
粉丝","18489
微博","昵称：
55bokii
所在地：
其他
性别：
女
生日：
射手座
简介：
我怀念你
注册时间：
2012-10-22"
181,https://weibo.com/u/7095711504,所有的偏爱都只属于你,"186
关注","1919
粉丝","1479
微博","昵称：
呆桃墨墨子
所在地：
北京
性别：
女
生日：
1998年12月7日
简介：
所有的偏爱都只属于你
注册时间：
2019-04-24
公司：
世界无限循环热恋公司"
182,https://weibo.com/u/6065659902,娱乐博主 肖战超话粉丝大咖,"582
关注","2474
粉丝","3293
微博","昵称：
肖兔兔的小仙女sean
所在地：
福建 福州
性别：
女
生日：
1995年11月5日
简介：
“ 如果一直想见谁， 迟早肯定见得到。”
注册时间：
2016-11-07
大学：
重庆工商大学"
183,https://weibo.com/u/5023813358,娱乐博主 微博原创视频博主,"682
关注","45615
粉丝","878
微博","昵称：
西木兮Mer
所在地：
浙江 杭州
性别：
女
生日：
1995年12月12日
简介：
爱啵啵赞赞，谁也不许骂我的大宝贝
注册时间：
2014-02-04
标签：
八卦杂谈
视频音乐
환자
学生一枚
爱幻想
music
90后但我不脑残
韩剧"
184,https://weibo.com/u/3498279325,娱乐博主 肖战超话粉丝大咖,"266
关注","31164
粉丝","21178
微博","昵称：
蜡笔哈子喵
所在地：
重庆
性别：
女
生日：
1991年10月5日
简介：
时差党，原id：naomita喵，蜡笔考古喵
注册时间：
2013-05-28
标签：
名人明星"
185,https://weibo.com/u/3876354550,她还没有填写个人简介,"528
关注","272
粉丝","1314
微博","昵称：
雍正御批
所在地：
上海 浦东新区
性别：
女
生日：
巨蟹座
注册时间：
2013-10-28
标签：
美食
名人明星
视频音乐
搞笑幽默
动漫"
186,https://weibo.com/u/6324340223,种花家反黑煮虾赞bot,"369
关注","1544
粉丝","1139
微博","昵称：
又被嘟嘴
所在地：
其他
性别：
男
简介：
种花家反黑煮虾赞bot
注册时间：
2017-07-21"
187,https://weibo.com/cqtv68629315,重庆广电集团（总台）新闻频道官方微博,"390
关注","904451
粉丝","43163
微博","联系人：
重庆新闻频道
电话：
02368629315
邮箱：
appxmt@163.com"
188,https://weibo.com/u/6861395414,娱乐博主,"413
关注","242995
粉丝","16293
微博","昵称：
生菜生吃
所在地：
其他
性别：
男
生日：
巨蟹座
简介：
都有光明的未来
注册时间：
2018-11-22"
189,https://weibo.com/u/6514784359,知名时尚博主 肖战超话粉丝大咖,"34
关注","341511
粉丝","610
微博","昵称：
肖战衣橱·DayToyCloset
所在地：
其他
性别：
女
生日：
1991年10月5日
简介：
肖战同款时尚科普@X玖少年团肖战DAYTOY
注册时间：
2018-03-26"
190,https://weibo.com/u/6511453608,微博2018十大影响力剧综机构 微博电视团成员 微博剧评人 知名电视剧博主,"1274
关注","8446474
粉丝","17124
微博","昵称：
追剧
所在地：
北京
性别：
男
感情状况：
单身
生日：
1994年12月18日
血型：
B
简介：
追剧人士必备关注！追剧协会会·长
注册时间：
2018-03-22
公司：
全民追剧协会会长 (2017 - )
地区：北京 ，东城区
职位：经理
大学：
北京师范大学 (2017年)
信息网络中心
标签：
演员演技
剧情解析
网剧
日剧
韩剧
剧评
吐槽
追剧
电视剧"
191,https://weibo.com/u/3555235370,娱乐博主 电视剧视频自媒体,"447
关注","185900
粉丝","24005
微博","昵称：
他会有更广阔的天地
所在地：
北京
性别：
女
生日：
天蝎座
简介：
一枚钱苏！
注册时间：
2013-06-23
公司：
赞兔爱护组织
标签：
搞笑幽默
视频音乐"
192,https://weibo.com/u/1936275704,娱乐博主,"398
关注","2573
粉丝","5832
微博","昵称：
叶栗久和
所在地：
海外
性别：
女
生日：
白羊座
简介：
顾太太本人
注册时间：
2011-05-17
公司：
哇唧唧哇"
193,https://weibo.com/u/7495586781?refer_flag=0000015010_&from=feed&loc=nickname,朱正廷个人专属宣传博🌞 工作请联系:bdzzt@yuehuamusic.com 📬粉丝邮箱:zztfans@yuehuamusic.com,"5
关注","206039
粉丝","170
微博","昵称：
朱正廷正式营业中
所在地：
北京
性别：
男
生日：
1996年3月18日
简介：
朱正廷个人专属宣传博🌞 工作请联系:bdzzt@yuehuamusic.com 📬粉丝邮箱:zztfans@yuehuamusic.com
注册时间：
2020-08-24
大学：
上海戏剧学院"
194,https://weibo.com/mavislau1212,斗罗大陆剧版超话粉丝大咖,"180
关注","39245
粉丝","6134
微博","昵称：
半糖小兔
所在地：
湖北 武汉
性别：
女
生日：
射手座
个性域名：
https://weibo.com/mavislau1212
简介：
电视剧《斗罗大陆》野生宣发团伙头目、全网i三第一人
注册时间：
2011-01-03
标签：
追星
时尚达人
音樂
旅游美食爱好者
综艺娱乐"
195,https://weibo.com/520415926,娱乐博主,"211
关注","2868
粉丝","4000
微博","昵称：
也飒也娇
所在地：
北京 朝阳区
性别：
男
生日：
白羊座
个性域名：
https://weibo.com/520415926
简介：
兔子是个好兔子
注册时间：
2012-07-24
大学：
重庆工商大学"
196,https://weibo.com/u/5235925181,只爱温柔光明。莫挨老子。阿影是真爱。本命秦假仙，无题李商隐。高处不胜寒，风吹屁股凉。超级嫌弃cue我...,"244
关注","210
粉丝","808
微博","昵称：
灵少
所在地：
江西
性别：
男
生日：
1996年10月16日
简介：
只爱温柔光明。莫挨老子。阿影是真爱。本命秦假仙，无题李商隐。高处不胜寒，风吹屁股凉。超级嫌弃cue我女王的（闪暖莉莉si不算
注册时间：
2014-07-30
公司：
阿僧祗园阿僧祇劫
标签：
名人明星
读书分享
动漫
美图摄影
星座运势"
197,https://weibo.com/u/5620452341?refer_flag=0000015010_&from=feed&loc=nickname,THE9成员 虞书欣,"244
关注","14215035
粉丝","707
微博","昵称：
THE9-虞书欣
所在地：
上海
性别：
女
简介：
工作联系：李菁 邮箱：lijing@huacemedia.com
注册时间：
2015-05-29"
198,https://weibo.com/u/6125415871,肖战超话粉丝大咖,"54
关注","114601
粉丝","673
微博","昵称：
念兔生活日志
所在地：
其他
性别：
男
生日：
1991年10月5日
简介：
投稿邮箱：daytoy_starlight@163.com
注册时间：
2017-01-31"
199,https://weibo.com/u/6326380281,娱乐博主,"287
关注","305939
粉丝","23699
微博","昵称：
颓废烤肉
所在地：
其他
性别：
女
生日：
金牛座
简介：
最好的请过来，不好的请走开～
注册时间：
2017-07-23"
200,https://weibo.com/u/5655087386,娱乐博主,"279
关注","6590895
粉丝","8518
微博","昵称：
娱乐指南
所在地：
北京
性别：
男
注册时间：
2015-07-17"
201,https://weibo.com/u/2743916183,我喜欢的人是肖战啊！,"443
关注","2140
粉丝","59028
微博","昵称：
糊糊专用
所在地：
其他
性别：
女
简介：
我喜欢的人是肖战啊！
注册时间：
2012-05-01
公司：
喜欢肖战
标签：
文艺狗
巨蟹座
SOS死死团"
202,https://weibo.com/u/5497701074,肖战超话粉丝大咖,"745
关注","641
粉丝","948
微博","昵称：
兔兔是呆桃
所在地：
山东
性别：
女
生日：
1995年5月14日
简介：
我不是一个完美的人，但不妨碍我想努力成为一个更好的人
注册时间：
2015-01-27
公司："
203,https://weibo.com/u/7339969127?refer_flag=0000015010_&from=feed&loc=nickname,爱奇艺《青春有你 2》训练生，乐华娱乐旗下训练生,"55
关注","1431029
粉丝","144
微博","昵称：
金子涵_Aria
所在地：
北京
性别：
女
生日：
1999年2月5日
简介：
工作联系：bddaylight@yuehuamusic.com
注册时间：
2019-11-19"
204,https://weibo.com/u/7313098171?refer_flag=0000015010_&from=feed&loc=nickname,腾讯视频《创造营2020》学员,"30
关注","1091060
粉丝","70
微博","昵称：
拉娜-LANA
所在地：
海外
性别：
女
生日：
1996年11月23日
注册时间：
2019-10-01"
205,https://weibo.com/bjsjtw,北京市交通委员会官方微博,"826
关注","5491304
粉丝","106440
微博","友情链接：
北京市交通委员会官网
北京公交网
北京地铁运营公司官网
北京市首发集团官网
北京市祥龙公司官网
京港地铁公司官网"
206,https://weibo.com/nancyness,守护世界最好的🐷和🐰,"273
关注","9811
粉丝","6927
微博","昵称：
围观瓜路
所在地：
江苏
性别：
女
个性域名：
https://weibo.com/nancyness
简介：
守护世界最好的🐷和🐰
注册时间：
2010-04-21"
207,https://weibo.com/u/3771863785,娱乐博主,"398
关注","3570902
粉丝","5267
微博","昵称：
娱乐机器猫
所在地：
江西 南昌
性别：
女
简介：
知名娱乐博主
注册时间：
2013-09-05
标签：
经曲歌曲
音乐发烧友"
208,https://weibo.com/whqcool,勿 扰 | 无 知 是 恶,"39
关注","326245
粉丝","363
微博","昵称：
睡不醒的Mr慢
所在地：
重庆 万州区
性别：
男
生日：
天秤座
博客：
http://jaimelesgensdt.lofter.com
个性域名：
https://weibo.com/whqcool
简介：
勿 扰 | 无 知 是 恶
注册时间：
2011-11-26
公司：
无业 (2015 - 2019)
地区：北京
职位：闲人
标签：
水瓶座"
209,https://weibo.com/u/5889555283,娱乐博主,"529
关注","17859
粉丝","52275
微博","昵称：
晚风巷雨
所在地：
海外
性别：
女
生日：
天秤座
简介：
你是我疲惫生活里的英雄梦想✨xz🎆
注册时间：
2016-03-29
公司：
肖战家"
210,https://weibo.com/u/5953174187,有 一 位 桃 仙,"336
关注","15630
粉丝","1639
微博","昵称：
白桃纪
所在地：
重庆
性别：
女
生日：
1991年10月5日
简介：
有 一 位 桃 仙
注册时间：
2016-06-14
公司：
大学：
重庆工商大学"
211,https://weibo.com/u/7477499983,在我主页搜“扩”、“存证”、“马”获取信息,"1065
关注","651
粉丝","9692
微博","昵称：
落日云霄飞车
所在地：
北京
性别：
男
生日：
1989年7月24日
简介：
在我主页搜“扩”、“存证”、“马”获取信息
注册时间：
2020-07-08"
212,https://weibo.com/u/6807327577,被炸号的小透明，肖战不糊我不休,"323
关注","302
粉丝","5376
微博","昵称：
白松露和红树莓
所在地：
云南
性别：
男
生日：
1996年7月14日
简介：
被炸号的小透明，肖战不糊我不休
注册时间：
2020-07-14"
213,https://weibo.com/u/1894990535,高尾和成的大——痴汉//▽//这里是酱酱w欢迎勾搭！圈地自萌，佛系玩家，追追动漫看看脆皮鸭，刷微博是找开...,"602
关注","1519
粉丝","23338
微博","昵称：
请叫我高尾和成的痴汉
所在地：
北京 东城区
性别：
女
生日：
1997年5月9日
简介：
高尾和成的大——痴汉//▽//这里是酱酱w欢迎勾搭！圈地自萌，佛系玩家，追追动漫看看脆皮鸭，刷微博是找开心的不是找不痛快的！同好会回粉！
注册时间：
2010-12-16"
214,https://weibo.com/u/5171959923,肖战超话粉丝大咖 微博原创视频博主,"361
关注","832
粉丝","3715
微博","昵称：
·夜宵·
所在地：
安徽
性别：
女
感情状况：
单身
生日：
1998年4月14日
简介：
当你孤单你会想起谁
注册时间：
2014-06-07"
215,https://weibo.com/u/6242919131,欣赏有趣的灵魂，做一个有趣的人,"574
关注","510
粉丝","4362
微博","昵称：
暖暖的阳光NN
所在地：
北京 丰台区
性别：
女
生日：
1987年1月3日
简介：
欣赏有趣的灵魂，做一个有趣的人
注册时间：
2017-05-10
公司："
216,https://weibo.com/lubykjj,大号小号傻傻分不清楚,"1493
关注","114
粉丝","10150
微博","昵称：
一个小孩儿儿儿
所在地：
广东
性别：
女
个性域名：
https://weibo.com/lubykjj
简介：
大号小号傻傻分不清楚
注册时间：
2011-03-03"
217,https://weibo.com/u/3480452675?refer_flag=0000015010_&from=feed&loc=nickname,快变成大号的小号 商务、合作事宜请发邮件到2312526270@qq.com,"1936
关注","1764604
粉丝","3416
微博","昵称：
xiaxiaxiaaaa夏
所在地：
江苏
性别：
女
生日：
1932年4月25日
简介：
快变成大号的小号 商务、合作事宜请发邮件到2312526270@qq.com
注册时间：
2013-05-19
标签：
搞笑幽默
穿衣美容"
218,,,,,,"汤晨44188
我的经验值： 加关注签到得经验值"
219,https://weibo.com/u/5653121804,小学老师,"56
关注","34
粉丝","22
微博","昵称：
后张楼小学
所在地：
河南 商丘
性别：
男
生日：
1970年1月1日
简介：
小学老师
注册时间：
2015-07-15
标签：
自媒体"
220,https://weibo.com/u/7055786242,我这幸运儿合着眼睛,"1719
关注","6191
粉丝","18101
微博","昵称：
澈扯扯
所在地：
海外
性别：
女
生日：
2019年4月1日
简介：
我这幸运儿合着眼睛
注册时间：
2019-03-29"
221,https://weibo.com/tencentbasketball,腾讯体育中国篮球官方微博,"475
关注","441083
粉丝","21468
微博",
222,https://weibo.com/nunadaytoy,娱乐博主 斗罗大陆剧版超话主持人,"509
关注","163275
粉丝","17920
微博","昵称：
姐姐追剧中
所在地：
广东
性别：
男
生日：
天蝎座
个性域名：
https://weibo.com/nunadaytoy
简介：
只追肖战的剧
注册时间：
2018-01-08
标签：
电影
音乐"
223,https://weibo.com/u/7509525600,肖战妈粉姐姐粉联盟，专注商务和商务公益。,"5
关注","7826
粉丝","9
微博","昵称：
护兔联盟1005
所在地：
重庆
性别：
男
生日：
1991年10月5日
简介：
肖战妈粉姐姐粉联盟，专注商务和商务公益。
注册时间：
2020-10-04"
224,https://weibo.com/heyio,千磨万击还坚劲，任尔东西南北风。,"102
关注","42141
粉丝","2886
微博","昵称：
点墨苏几颜大宝
所在地：
其他
性别：
女
生日：
10月2日
个性域名：
https://weibo.com/heyio
简介：
千磨万击还坚劲，任尔东西南北风。
注册时间：
2012-08-17
标签：
请勿标签识人"
225,https://weibo.com/u/2807796470,宋怀疑超话小主持人,"1780
关注","481
粉丝","18003
微博","昵称：
MikoBieber-玖玖
所在地：
陕西 西安
性别：
男
生日：
1999年10月6日
简介：
站在两个极端世界的边缘。🐘
注册时间：
2012-05-19
公司：
泽维尔天才少年学校 (2017 - 2020)
地区：海外
职位：控制基础
：
Hogwarts School of Witchcraft and Wizardry (2017年)
拉文克劳"
226,https://weibo.com/u/5249067681?refer_flag=0000015010_&from=feed&loc=nickname,知名综艺博主 音乐视频自媒体,"543
关注","1114882
粉丝","10829
微博","昵称：
来一杯冰阔乐吗
所在地：
海外 美国
性别：
男
生日：
狮子座
简介：
我发我的 你看你的 管好你自己
注册时间：
2014-08-12
公司：
容陷爱无限公司
标签：
音乐
电视剧
综艺
韩国明星
搞笑
娱乐
名人明星"
227,https://weibo.com/occultbaby,(●\\\'ｗ\\\'●),"350
关注","752
粉丝","7400
微博","昵称：
UzaJimmyHua
所在地：
上海 长宁区
性别：
男
生日：
水瓶座
个性域名：
https://weibo.com/occultbaby
简介：
(●\\\'ｗ\\\'●)
注册时间：
2010-06-02
大学：
华东师范大学 (2010年)
标签：
最討厭早起
貓控
討厭班主任
不小心活到現在
跳tone
水瓶座加AB型"
228,https://weibo.com/u/5654208207,肖战超话粉丝大咖,"372
关注","623
粉丝","11003
微博","昵称：
永远只是一个小盆友
所在地：
江西
性别：
男
生日：
1996年4月1日
简介：
粉是买的买的买的买的买的！
注册时间：
2015-07-17
标签：
八卦杂谈"
229,https://weibo.com/u/5993531560,中新经纬官方微博,"2517
关注","10469179
粉丝","39559
微博","电话：
18513525309
邮箱：
zhongxinjingwei@chinanews.com.cn
友情链接：
下载中新经纬APP"
230,https://weibo.com/u/6292553815,娱乐博主 肖战超话粉丝大咖,"663
关注","2399
粉丝","3371
微博","昵称：
所以就是W君啊
所在地：
重庆
性别：
女
生日：
1995年10月18日
简介：
可是我喜欢了一个人
注册时间：
2017-06-22"
231,https://weibo.com/wangyingbelif0528,娱乐博主,"700
关注","87202
粉丝","29797
微博","昵称：
澡澡猫_THY
所在地：
香港
性别：
女
生日：
1997年5月28日
博客：
http://weibo.com/u/1763039891
个性域名：
https://weibo.com/wangyingbelif0528
简介：
❤博君一肖❤追现场-填词-剪刀-画画-写文❤
注册时间：
2012-02-14
公司：
博君一肖磕学院院士
地区：北京 ，东城区"
232,https://weibo.com/u/7344697953,人生如逆旅 我亦是行人（私信已关）,"330
关注","20718
粉丝","4379
微博","昵称：
野渡梦雪
所在地：
其他
性别：
男
简介：
人生如逆旅 我亦是行人（私信已关）
注册时间：
2019-11-28"
233,https://weibo.com/u/3217179555?refer_flag=0000015010_&from=feed&loc=nickname,微博人气博主,"781
关注","40970753
粉丝","38293
微博","昵称：
回忆专用小马甲
所在地：
其他
性别：
男
简介：
《愿无岁月可回头》
注册时间：
2013-01-10
标签：
酷炫"
234,https://weibo.com/u/6462754528,娱乐博主,"945
关注","23109
粉丝","20091
微博","昵称：
吃火锅子
所在地：
北京
性别：
女
生日：
2010年10月5日
简介：
老实人，别搞我
注册时间：
2018-01-16
公司：
大学：
重庆工商大学 (2015年)"
235,https://weibo.com/u/2816462544,只因为我胸间怀着一盏长明灯～（不定时闭关～）未关注人私信已关,"191
关注","11686
粉丝","3319
微博","昵称：
Chu麋鹿
所在地：
海外 美国
性别：
女
性取向：
异性恋
感情状况：
单身
生日：
巨蟹座
简介：
只因为我胸间怀着一盏长明灯～（不定时闭关～）未关注人私信已关
注册时间：
2012-05-29
标签：
军事
电影
游戏动漫
动漫
美图摄影
单身
美术
梦想
音乐爱好者"
236,https://weibo.com/u/7200858608,娱乐博主,"568
关注","156401
粉丝","17838
微博","昵称：
蜜汁可乐炸椒
所在地：
海外
性别：
男
生日：
2019年8月29日
简介：
看不懂玩笑 别来
注册时间：
2019-06-20"
237,https://weibo.com/u/6172512794,娱乐博主 肖战超话粉丝大咖 微博原创视频博主,"918
关注","80867
粉丝","19667
微博","昵称：
家常便饭保哥
所在地：
湖北
性别：
男
生日：
1977年4月22日
简介：
冷静无情的安利博主，对外平静平和，对内不内狙。每天不定时更新。欢迎关注。
注册时间：
2017-03-11
公司：
个体
地区：湖北 ，宜昌"
238,https://weibo.com/u/6597718943,Prohibition for 90 days，小耗子敲退堂鼓的小学生裘卿卿,"268
关注","51337
粉丝","8632
微博","昵称：
退堂鼓表演艺术家裘卿卿
所在地：
其他
性别：
女
简介：
Prohibition for 90 days，小耗子敲退堂鼓的小学生裘卿卿
注册时间：
2018-07-11"
239,https://weibo.com/gabrielle91,摄影师,"948
关注","854274
粉丝","8120
微博","昵称：
摄影师Gabrielle
所在地：
上海 黄浦区
性别：
男
生日：
8月21日
博客：
http://gabrielle.blogbus.com
个性域名：
https://weibo.com/gabrielle91
简介：
Wechat: gabriellephoto / Instagram: gabrielleyu / 意罄则哀
注册时间：
2009-09-29
邮箱：
gabrielleyu@foxmail.com
大学：
复旦大学 (2009年)
新闻学院
标签：
摄影师
时装摄影
人像摄影
日本
早稲田大学
复旦大学
狮子座"
240,https://weibo.com/kalam1026,《陈情令》导演陈家霖,"246
关注","456526
粉丝","121
微博","昵称：
kaaaaalam陈家霖
所在地：
其他
性别：
男
生日：
天蝎座
个性域名：
https://weibo.com/kalam1026
注册时间：
2010-05-22"
241,https://weibo.com/u/1772785672,娱乐博主,"299
关注","693239
粉丝","23164
微博","昵称：
·赖药儿·
所在地：
其他
性别：
男
生日：
1910年6月8日
简介：
不生不灭不垢不净不增不减
注册时间：
2010-07-29
公司：
Love LeslieCheung
标签：
cySebastian
妻夫木聪
安藤政信
本命张国荣
Sebastian
DavidBowie
LeslieCheung"
242,https://weibo.com/u/5909342713,微博2019十大影响力娱乐大V 微博知名娱乐博主 微博娱评团成员 微博签约自媒体,"1168
关注","9960183
粉丝","52525
微博","昵称：
圈内教父
所在地：
北京
性别：
男
生日：
1988年3月30日
简介：
三观已认证、请放心关注
注册时间：
2016-04-28
标签：
综艺咖
娱乐圈
娱乐八卦
娱乐
明星娱乐
明星八卦
八卦杂谈"
243,https://weibo.com/bjyxszd10050805,娱乐博主,"213
关注","7303
粉丝","6410
微博","昵称：
·DAYSWEET·
所在地：
其他
性别：
男
生日：
1997年12月6日
个性域名：
https://weibo.com/bjyxszd10050805
简介：
他可能会去滑雪
注册时间：
2018-05-22
公司：
果园猪兔饲养员 (2018 - 2020)
职位： 猪兔饲养员"
244,https://weibo.com/qiyiyule,爱奇艺娱乐频道yule.iqiyi.com官方微博,"2336
关注","4957211
粉丝","82911
微博","友情链接：
爱奇艺娱乐
爱奇艺"
245,https://weibo.com/u/7365921576,她还没有填写个人简介,"37
关注","2
粉丝","194
微博","昵称：
惠鲸250676
所在地：
重庆 永川区
性别：
女
注册时间：
2020-01-02"
246,https://weibo.com/u/2744022617,肖战公益一路有你超话小主持人,"102
关注","383541
粉丝","1036
微博","昵称：
肖战DAYTOY公益站
所在地：
重庆
性别：
男
生日：
天秤座
简介：
公益项目合作请联系工作邮箱daytoy1005gy@163.com
注册时间：
2012-05-01
邮箱：
daytoy1005gy@163.com
大学：
重庆工商大学
标签：
公益事业
公益活动"
247,https://weibo.com/u/5520906524,认真的时候工作，糊涂的时候读书，独处的时候思考，难过的时候睡觉。,"135
关注","24
粉丝","337
微博","昵称：
我若盛开你自来
所在地：
黑龙江 哈尔滨
性别：
女
生日：
摩羯座
简介：
认真的时候工作，糊涂的时候读书，独处的时候思考，难过的时候睡觉。
注册时间：
2015-02-15"
248,https://weibo.com/u/5717616453,勿扰,"60
关注","28525
粉丝","1323
微博","昵称：
失乐园小丑
所在地：
海外
性别：
女
生日：
射手座
简介：
勿扰
注册时间：
2015-10-04"
249,https://weibo.com/tongdaodashu?refer_flag=0000015010_&from=feed&loc=nickname,知名星座命理博主,"983
关注","18490649
粉丝","17804
微博","昵称：
同道大叔
所在地：
北京 东城区
性别：
男
生日：
1988年9月23日
个性域名：
https://weibo.com/tongdaodashu
简介：
星座只是娱乐。合作请联系 邮箱：tongdaoshiwo@tongdaodashu.com🌚
注册时间：
2012-10-25
标签：
搞笑幽默
艺术
漫画"
250,https://weibo.com/u/7414156798,他还没有填写个人简介,"345
关注","462
粉丝","5125
微博","昵称：
酸奶君_35072
所在地：
北京
性别：
男
生日：
1985年1月1日
注册时间：
2020-03-17"
251,https://weibo.com/u/6096369091,她还没有填写个人简介,"289
关注","12
粉丝","44
微博","昵称：
不言45227
所在地：
其他
性别：
女
注册时间：
2017-01-08"
252,https://weibo.com/u/6358256804,芒果全娱乐官方微博,"1174
关注","7182581
粉丝","16439
微博",
253,https://weibo.com/u/7197296108,别看了，四虾拉,"403
关注","8863
粉丝","3197
微博","昵称：
猫言·
所在地：
吉林
性别：
男
生日：
1989年9月25日
简介：
别看了，四虾拉
注册时间：
2019-06-16
公司：

阿拉善广播电台
大学：
重庆工商大学 (1939年)
艺术系 重庆工商大学 (1916年)"
254,https://weibo.com/u/5798753177,👋,"138
关注","3883
粉丝","7712
微博","昵称：
summerschoolA
所在地：
其他
性别：
男
生日：
处女座
简介：
👋
注册时间：
2015-12-20"
255,https://weibo.com/u/2252460600,肖战必糊！,"997
关注","2081
粉丝","15110
微博","昵称：
突然想改个ID啊
所在地：
重庆 九龙坡区
性别：
女
生日：
天秤座
简介：
肖战必糊！
注册时间：
2011-07-17
标签：
重庆生活
东方神起
允在"
256,https://weibo.com/u/5242057480,喜欢有趣的灵魂,"633
关注","7442
粉丝","6703
微博","昵称：
肉汤拌饭更好吃
所在地：
北京
性别：
女
生日：
1997年1月24日
简介：
喜欢有趣的灵魂
注册时间：
2014-08-05
公司：
NED设计工作室
职位：老板助理
标签：
美食
旅游
视频电影
北京生活"
257,https://weibo.com/u/1825329153,配音演员边江,"442
关注","3118874
粉丝","1788
微博","昵称：
边江de围脖
所在地：
北京
性别：
男
生日：
1982年5月24日
简介：
工作等相关事宜请联系负责人微信号：rina0612 或邮箱7205371@qq.com
注册时间：
2010-10-02
大学：
北京电影学院"
258,https://weibo.com/u/2656108914,麦吉丽一级经销商 ZM商学院创始人,"294
关注","359
粉丝","1733
微博","昵称：
舒舒舒俠
所在地：
广东 广州
性别：
女
生日：
1993年4月25日
博客：
http://blog.sina.com.cn/u/2656108914
简介：
麦吉丽一级经销商 ZM商学院创始人
注册时间：
2012-01-07
大学：
广东外语外贸大学南国商学院 (2013年)
国际经济贸易系
标签：
旅行
90后
微博奇葩
听歌
教育就业
电影
80后
流浪
旅游
宅"
259,https://weibo.com/u/7244746788,未知全貌不予置评（如果被wb莫名其妙塞粉进来自行取关即可qaq）,"533
关注","423
粉丝","5731
微博","昵称：
-槿卿-
所在地：
浙江
性别：
女
生日：
摩羯座
简介：
未知全貌不予置评（如果被wb莫名其妙塞粉进来自行取关即可qaq）
注册时间：
2019-07-19"
260,https://weibo.com/qusiqusi,禁言结束，还是用这个号。小号 @柯总发棒棒糖 留作备用。,"2091
关注","11399
粉丝","14812
微博","昵称：
帝凡
所在地：
北京 东城区
性别：
女
个性域名：
https://weibo.com/qusiqusi
简介：
禁言结束，还是用这个号。小号 @柯总发棒棒糖 留作备用。
注册时间：
2010-03-18
标签：
DRRR"
261,https://weibo.com/u/7200086043,保护好个人信息，别被人肉。网信办发声自救吧，不要让受害者继续增加了。,"493
关注","536
粉丝","6231
微博","昵称：
吃瓜产粮号
所在地：
江西
性别：
男
生日：
2002年1月24日
简介：
保护好个人信息，别被人肉。网信办发声自救吧，不要让受害者继续增加了。
注册时间：
2019-06-18"
262,https://weibo.com/u/6511177474,知名娱乐博主 微博电视团成员 娱乐综艺视频自媒体,"1163
关注","6047484
粉丝","11777
微博","昵称：
八组吃瓜蜀黍
所在地：
北京 东城区
性别：
男
简介：
一个喜欢刚的博主！
注册时间：
2018-03-22
标签：
八卦
综艺
娱乐"
263,https://weibo.com/qietian2011,知名军事博主,"374
关注","1017587
粉丝","13220
微博","昵称：
军机不可泄露
所在地：
北京
性别：
男
性取向：
异性恋
生日：
狮子座
博客：
http://weibo.com/2356166212
个性域名：
https://weibo.com/qietian2011
简介：
薅资本主义羊毛，暖社会主义人心
注册时间：
2011-08-29
公司：
战略忽悠研究院
地区：北京 ，西城区
职位：新媒体运营
标签：
文理双学位
军事观察者
90后"
264,https://weibo.com/wetvvip,腾讯视频海外站官方微博,"103
关注","279768
粉丝","1547
微博","友情链接：
WeTV网页端
WeTV English"
265,https://weibo.com/19890206hui,微博娱评团成员 微博电视团成员 知名娱乐博主 娱乐综艺视频自媒体,"450
关注","6003776
粉丝","9499
微博","昵称：
娱乐侦察社
所在地：
北京
性别：
男
生日：
1989年2月6日
博客：
http://blog.sina.com.cn/19890206hui
个性域名：
https://weibo.com/19890206hui
简介：
综艺、影视、娱乐明星、爱豆宣传合作请私信。
注册时间：
2009-09-09
邮箱：
799821708@qq.com
QQ：
799821708
公司：
星橙时代
地区：北京 ，朝阳区
职位：工作狂
大学：
中国传媒大学 (2016年)
标签：
明星娱乐
明星偶像
综艺节目
電影
音樂"
266,https://weibo.com/u/6553273588,苟利国家生死以，岂因祸福避趋之,"154
关注","6011
粉丝","1553
微博","昵称：
人生自古谁无死love
所在地：
海外
性别：
女
简介：
苟利国家生死以，岂因祸福避趋之
注册时间：
2018-05-18"
267,https://weibo.com/u/5093046305,知名娱乐博主,"647
关注","2185218
粉丝","6587
微博","昵称：
圈外教主
所在地：
北京 平谷区
性别：
男
生日：
1970年1月1日
简介：
圈外圈外！号外号外！
注册时间：
2014-03-31"
268,https://weibo.com/u/7462222817?refer_flag=0000015010_&from=feed&loc=nickname,王一博超话粉丝大咖,"111
关注","39689
粉丝","586
微博","昵称：
王一博应援站
所在地：
北京
性别：
男
生日：
1997年8月5日
简介：
为应援而起，为一博而存。
注册时间：
2020-06-10"
269,https://weibo.com/u/2881582092,闲人一个，都是僵尸粉↑,"1955
关注","198787
粉丝","3055
微博","昵称：
椿本九十九
所在地：
浙江
性别：
男
生日：
处女座
简介：
闲人一个，都是僵尸粉↑
注册时间：
2012-07-27
公司：
杜王町"
270,https://weibo.com/elvis20032003,知名军事博主,"500
关注","4427071
粉丝","19640
微博","昵称：
防务微观察
所在地：
北京
性别：
女
个性域名：
https://weibo.com/elvis20032003
简介：
若无国防，则国难屡起，民将不得安其业。
注册时间：
2011-07-24
公司：
国家战略忽悠局
标签：
军事
国防"
271,https://weibo.com/u/6421893724,活着，私信没关,"97
关注","1212
粉丝","1269
微博","昵称：
呱走由
所在地：
新疆 乌鲁木齐
性别：
男
简介：
活着，私信没关
注册时间：
2017-12-02"
272,https://weibo.com/u/5294952717,搜关键词今天心情，卡。欢迎投稿。就是一个资源库，不要在意博主本人的其他言论，可以来聊天，博主撕逼...,"201
关注","3118
粉丝","2225
微博","昵称：
头发特别多
所在地：
海外
性别：
女
生日：
天蝎座
简介：
搜关键词今天心情，卡。欢迎投稿。就是一个资源库，不要在意博主本人的其他言论，可以来聊天，博主撕逼时，可以看看热闹。不必要为了博主真情实感。
注册时间：
2014-09-15
标签：
宠物图集
美食
科学探索
动漫
校园生活"
273,https://weibo.com/u/1800607213,肖战超话粉丝大咖,"576
关注","568
粉丝","6271
微博","昵称：
L迷失的蒲公英
所在地：
广东
性别：
女
生日：
1990年10月16日
简介：
日常蜡笔中的蜡笔
注册时间：
2010-08-29
公司：
大学：
重庆社会大学 (2006年)
重庆社会大学
标签：
陈翔
看书
听歌
乐观"
274,https://weibo.com/u/5671927455,娱乐博主,"613
关注","39310
粉丝","651
微博","昵称：
你是我的别跑啊
所在地：
其他
性别：
男
生日：
2001年1月6日
简介：
私信已关，我只是一个吃瓜群众
注册时间：
2015-08-08
公司：
吃瓜公司
地区：北京 ，东城区
标签：
文字
90后但我不脑残
奋斗
阳光
喜欢音乐
爱旅游
微博奇葩
读书分享
宅
自由"
275,https://weibo.com/178960110,娱乐博主,"729
关注","10289
粉丝","21338
微博","昵称：
-Akako-
所在地：
福建 厦门
性别：
女
性取向：
异性恋
感情状况：
恋爱中
生日：
摩羯座
博客：
http://www.rinharu.com
个性域名：
https://weibo.com/178960110
简介：
💓老婆很美很香💗
注册时间：
2011-12-17
公司：
标签：
凛遥
松冈凛
七濑遥
宫野真守
美瞳贩子"
276,https://weibo.com/liutingyoky,守灯火千万盏，得星河入人间,"226
关注","4099
粉丝","3111
微博","昵称：
o一口酥油饼o
所在地：
广东
性别：
女
生日：
双子座
个性域名：
https://weibo.com/liutingyoky
简介：
守灯火千万盏，得星河入人间
注册时间：
2010-07-23
公司：

啥也不知道
标签：
電影
萌宠
睡觉
巨蟹
敏感"
277,https://weibo.com/u/5725278291,娱乐博主,"556
关注","28531
粉丝","17124
微博","昵称：
是你的大反派呀
所在地：
海外 美国
性别：
男
生日：
1991年10月5日
简介：
愿你是个英雄 也是被我疼爱的小朋友 DTPP 做个良善的人
注册时间：
2015-10-22
公司：
大学：
重庆工商大学 (2012年)
设计与传播学院"
278,https://weibo.com/u/3271466785,知名设计美学博主,"895
关注","24436
粉丝","1730
微博","昵称：
小山重峦
所在地：
上海
性别：
男
生日：
1986年3月22日
简介：
不接搞，和平主义自由人，出警我就跑了
注册时间：
2013-03-21"
279,https://weibo.com/u/5568226890,肖战超话粉丝大咖,"774
关注","732
粉丝","2395
微博","昵称：
Assassin楠1005
所在地：
河北 廊坊
性别：
女
生日：
1988年7月26日
简介：
“我认为所有的成果，都有一个积累的过程，这个积累就是坚持！我肯定不想当个刹那烟火，我得输出自己独一无二不可替代的价值。”
注册时间：
2015-06-05
大学：
内蒙古民族大学 (2010年)
计算机应用"
280,https://weibo.com/u/6239067411,向来缘浅，奈何情深,"131
关注","91
粉丝","272
微博","昵称：
口袋里的小钱钱
所在地：
重庆 渝中区
性别：
女
生日：
1997年7月29日
简介：
向来缘浅，奈何情深
注册时间：
2017-05-07
公司：
已工作"
281,https://weibo.com/u/5719143729,绯红 陪@X玖少年团肖战DAYTOY 一路前行,"6
关注","30225
粉丝","94
微博","昵称：
ScarLet·肖战
所在地：
上海 黄浦区
性别：
女
简介：
绯红 陪@X玖少年团肖战DAYTOY 一路前行
注册时间：
2015-10-06"
282,https://weibo.com/u/6083692246,肖战超话粉丝大咖,"499
关注","321
粉丝","10430
微博","昵称：
肖家的肖宝DAYTOY
所在地：
云南
性别：
女
生日：
天蝎座
简介：
唯，只信肖战和肖战工作室✨✨✨✨
注册时间：
2016-12-17
大学：
长江大学文理学院 (2016年)
长江大学"
283,https://weibo.com/u/5420618670,娱乐博主,"74
关注","37382
粉丝","6973
微博","昵称：
肖战·遇肖郎
所在地：
其他
性别：
男
生日：
1991年10月5日
简介：
肖战产出安利博/接受投稿和评论艾特
注册时间：
2014-12-15"
284,https://weibo.com/u/3831184970,COUGH IN VAIN 配饰品牌官方微博,"101
关注","32138
粉丝","624
微博","邮箱：
info@coughinvain.com"
285,https://weibo.com/u/5652256565,万象新生,"327
关注","7591
粉丝","8265
微博","昵称：
什么都好说不要打兔兔
所在地：
海外
性别：
女
生日：
1998年6月10日
简介：
万象新生
注册时间：
2015-07-13
公司：
gmhzc
标签：
动漫
八卦杂谈
美食
美容服饰
搞笑幽默"
286,https://weibo.com/chengjiesi,江苏交广网《男生宿舍》主持人,"2504
关注","997101
粉丝","21185
微博","昵称：
真的成杰思
所在地：
江苏 南京
性别：
男
个性域名：
https://weibo.com/chengjiesi
简介：
最专业最有影响力的校园执行团队！
注册时间：
2010-05-27
公司：
江苏交通广播网
地区：江苏 ，南京
大学：
华侨大学
标签：
脑残修理者
江苏广电
龙冈中学
华侨大学
小老头
让羽毛球飞
饕餮英雄"
287,https://weibo.com/u/6603362543,是有钱哥哥的小迷妹,"144
关注","2
粉丝","131
微博","昵称：
xzwoxa
所在地：
贵州
性别：
女
生日：
2000年10月17日
简介：
是有钱哥哥的小迷妹
注册时间：
2018-07-17"
288,https://weibo.com/u/5108163905,虽不能至，然心向往之～,"582
关注","107
粉丝","629
微博","昵称：
dd烟暖雨收
所在地：
福建 福州
性别：
女
生日：
1995年10月28日
简介：
虽不能至，然心向往之～
注册时间：
2014-04-11
标签：
美图摄影
星座运势
搞笑幽默"
289,https://weibo.com/suvern,萌宠博主,"251
关注","175590
粉丝","68020
微博","昵称：
-大庭叶藏
所在地：
四川 成都
性别：
女
生日：
射手座
个性域名：
https://weibo.com/suvern
简介：
想亲手喂王猫老师吃鱼。
注册时间：
2011-01-30"
290,https://weibo.com/u/2917062503,我一见到你就心动,"190
关注","409587
粉丝","687
微博","昵称：
-木鬼-
所在地：
海外 日本
性别：
女
生日：
双鱼座
简介：
我一见到你就心动
注册时间：
2012-08-12
公司：
铂金一笑婚庆公司
地区：海外 ，日本
职位：司仪
大学：
中国传媒大学 (2013年)
动画学院
标签：
玩儿"
291,https://weibo.com/u/6980257751,LANVIN官方微博,"94
关注","140296
粉丝","683
微博","友情链接：
官方网站"
292,https://weibo.com/u/5110929410,知名综艺博主,"1011
关注","8074161
粉丝","9612
微博","昵称：
饭圈安利娘
所在地：
北京 崇文区
性别：
女
生日：
1994年11月29日
简介：
安利树上安利果，安利树下你和我
注册时间：
2014-04-17
标签：
原创
影视
潮流
腐女
帅哥
电视剧"
293,https://weibo.com/u/6118582963,娱乐博主 微博剪辑视频博主,"533
关注","2844
粉丝","1333
微博","昵称：
清风吹清酒y
所在地：
上海
性别：
女
生日：
2000年8月3日
简介：
青山不改，绿水长流
注册时间：
2017-01-29"
294,https://weibo.com/u/5269923819,▪好好生活 否极泰来 🍳（ 所修即我所爱,"310
关注","16848
粉丝","403
微博","昵称：
风屿茶吟
所在地：
重庆
性别：
女
生日：
天秤座
简介：
▪好好生活 否极泰来 🍳（ 所修即我所爱
注册时间：
2014-08-27
公司：
再忙碌也要捕捉快乐吖"
295,https://weibo.com/u/6606171410,娱乐博主 陈情令续写之浮生若梦超话主持人,"249
关注","420674
粉丝","15299
微博","昵称：
微微一诺625
所在地：
其他
性别：
女
生日：
6月25日
血型：
B
简介：
看我想看的，说我想说的，写我想写的~
注册时间：
2018-07-20
大学：
成都理工大学 (2006年)
市场营销
高中：
哈密市八中 (2006年)
标签：
魏婴
蓝湛
忘羡
一博
肖战
明星
陈情令
小说
自媒体
娱乐"
296,https://weibo.com/u/1002304835,娱乐博主,"540
关注","61221
粉丝","2949
微博","昵称：
皮皮丘的皮卡宣i
所在地：
北京
性别：
女
生日：
双子座
简介：
💚❤️.
注册时间：
2013-03-18
公司："
297,https://weibo.com/u/6153072357,娱乐博主 娱乐综艺视频自媒体,"360
关注","43656
粉丝","8229
微博","昵称：
墙头草很任性
所在地：
上海
性别：
女
生日：
4月19日
简介：
此间少年无数，独爱肖同学！
注册时间：
2017-02-27"
298,https://weibo.com/u/5379598697,娱乐博主 微博原创视频博主 肖战壁纸超话主持人,"275
关注","14166
粉丝","1072
微博","昵称：
Yumville·
所在地：
山东
性别：
女
生日：
双鱼座
简介：
羡羡三岁啦 ✨
注册时间：
2015-02-01"
299,https://weibo.com/u/5586623769,肖战超话粉丝大咖 微博原创视频博主 微博VLOG博主 问答答主,"633
关注","10874
粉丝","789
微博","昵称：
一叶水520
所在地：
广东
性别：
女
生日：
处女座
简介：
为战而来，谨言慎行！
注册时间：
2015-05-09
大学：
重庆工商大学"
300,https://weibo.com/nefelibata113,微博剪辑视频博主 娱乐博主,"496
关注","126706
粉丝","2548
微博","昵称：
美人拌饭酱
所在地：
海外 日本
性别：
男
生日：
1994年11月3日
个性域名：
https://weibo.com/nefelibata113
简介：
生是肖战的人，死是老祖的魂
注册时间：
2011-07-10
公司：
1005号星云
地区：上海 ，静安区
标签：
肖战迷妹
追剧控"
301,https://weibo.com/lingcly,半次元ID:注意听,"598
关注","955
粉丝","19005
微博","昵称：
注意听_天要下雨基要嫁锤
所在地：
广西 南宁
性别：
男
生日：
8月12日
博客：
http://lingcly.lofter.com/
个性域名：
https://weibo.com/lingcly
简介：
半次元ID:注意听
注册时间：
2011-11-04
标签：
细雨拂丝化玉缘
春风暖帐润良田
雨化田
马进良
大内西吃货厂
两个六毛一块二
雾家爷孙多欢乐
骸云
初代雾云"
302,https://weibo.com/u/6042105170,娱乐综艺视频博主,"282
关注","455863
粉丝","34478
微博","昵称：
娱乐男神会馆
所在地：
天津
性别：
女
生日：
1990年7月30日
简介：
高颜值男明星视频集合，迷妹们的舔屏圣地
注册时间：
2016-10-09"
303,https://weibo.com/u/1746658980,知名娱乐博主,"359
关注","5532049
粉丝","18929
微博","昵称：
饭圈阿姨
所在地：
海外
性别：
女
简介：
一位可爱的追星阿姨！
注册时间：
2012-04-27
标签：
Ulzzang
Korea"
304,https://weibo.com/u/6786699323,不更新就是在好好学习。,"520
关注","23916
粉丝","9112
微博","昵称：
辣鸡四海
所在地：
其他
性别：
男
生日：
水瓶座
简介：
不更新就是在好好学习。
注册时间：
2018-10-21
公司：
札幌 (2019 - 至今)
地区：北京 ，朝阳区
职位：看海
大学：
北京大学 (2018年)
中文系"
305,https://weibo.com/u/6977912686,【禁All🚫 】我越过山，穿过雾，追逐一颗星星。,"6
关注","79250
粉丝","452
微博","昵称：
Trouvaille1005·肖战
所在地：
海外
性别：
男
生日：
1991年10月5日
简介：
【禁All🚫 】我越过山，穿过雾，追逐一颗星星。
注册时间：
2019-01-29"
306,https://weibo.com/u/7333073144,碳水废合物 不建议关注,"351
关注","28672
粉丝","3708
微博","昵称：
奔跑磕机_
所在地：
海外
性别：
男
生日：
1997年10月19日
简介：
碳水废合物 不建议关注
注册时间：
2019-11-06"
307,https://weibo.com/u/5996136448,X玖少年团官方微博,"132
关注","2396729
粉丝","2884
微博","昵称：
X玖少年团
所在地：
北京 朝阳区
性别：
男
简介：
中国内地偶像男子组合，成员包括：赵磊、夏之光、彭楚粤、伍嘉成、谷嘉诚、郭子凡、肖战、焉栩嘉。
注册时间：
2016-08-03"
308,https://weibo.com/u/2622710127,肖战超话粉丝大咖 娱乐博主 微博原创视频博主,"923
关注","10817
粉丝","9504
微博","昵称：
懒宝eD迷糊奶糕糕
所在地：
海外
性别：
女
性取向：
异性恋
感情状况：
单身
生日：
金牛座
血型：
B
简介：
哪怕生活没有那么的顺心顺意，哪怕生活总要面对各样的困难，但是依然要坚定地向前看、向上走、不回头。
注册时间：
2012-02-19
邮箱：
446332862@qq.com
QQ：
446332862
标签：
偶稀饭睡觉觉
八卦
美食
宅女
时尚
旅行
幽默
文字
听歌
金牛座"
309,https://weibo.com/u/5489767484,娱乐博主,"222
关注","7087
粉丝","2166
微博","昵称：
追星少女桃桃子
所在地：
江苏
性别：
女
生日：
水瓶座
简介：
京华风月主
注册时间：
2015-02-27
标签：
电视剧
DIANSHIJU
电影"
310,https://weibo.com/u/6370011631,微博电视团成员 知名娱乐博主 娱乐综艺视频自媒体,"175
关注","5146503
粉丝","14114
微博","昵称：
柿子娱乐
所在地：
北京 东城区
性别：
女
性取向：
异性恋
感情状况：
求交往
生日：
1992年4月2日
血型：
B
简介：
娱乐评论人
注册时间：
2017-09-16
公司：
合作加qq1242116061
地区：安徽 ，合肥
职位：合作加qq1242116061
大学：
北京电影学院 (2011年)
标签：
综艺
影视
娱乐八卦
明星
八卦
娱乐"
311,https://weibo.com/u/7217335114,腾讯新闻星推榜官方微博,"193
关注","42684
粉丝","1336
微博","友情链接：
腾讯新闻星推榜"
312,https://weibo.com/zhanzhan19911005,穿过十月的远山和迷雾，屿见光芒万丈。❤️肖战,"6
关注","78121
粉丝","383
微博","昵称：
十月雾屿丨肖战
所在地：
重庆
性别：
男
生日：
1991年10月5日
个性域名：
https://weibo.com/zhanzhan19911005
简介：
穿过十月的远山和迷雾，屿见光芒万丈。❤️肖战
注册时间：
2019-10-16
大学：
重庆工商大学"
313,https://weibo.com/u/6267505372,肖战超话粉丝大咖 微博原创视频博主,"463
关注","2278
粉丝","1309
微博","昵称：
-甜茶er
所在地：
上海
性别：
女
生日：
天秤座
简介：
开心最重要。
注册时间：
2017-06-04
公司：
重庆巴南大辣椒有限公司"
314,https://weibo.com/sweetlittlepeach,肖战超话粉丝大咖 微博剪辑视频博主,"278
关注","50294
粉丝","5128
微博","昵称：
拥有魔法口袋
所在地：
其他
性别：
女
生日：
金牛座
个性域名：
https://weibo.com/sweetlittlepeach
简介：
肖战老婆
注册时间：
2011-01-19
标签：
坚持自己的原则
懒人一枚
纠结矛盾体
金牛座"
315,https://weibo.com/u/6126857590,“我的快乐很重要”,"1278
关注","3408
粉丝","2171
微博","昵称：
占线中勿cut
所在地：
湖南 长沙
性别：
女
生日：
1998年1月17日
简介：
“我的快乐很重要”
注册时间：
2017-02-08
公司：
流浪犬收留中心
职位：保安
大学：
石家庄新东方烹饪学校"
316,https://weibo.com/234687487,知名校园博主,"1
关注","84873
粉丝","382454
微博","昵称：
工商秘密
所在地：
重庆
性别：
男
博客：
http://www.ctbu.org
个性域名：
https://weibo.com/234687487 https://weibo.com/cqsiri
简介：
中国，我爱你。🇨🇳
注册时间：
2011-11-04
大学：
重庆工商大学 (2012年)
标签：
教育就业"
317,https://weibo.com/u/2423635810,一梦江湖超话小主持人,"354
关注","686
粉丝","5981
微博","昵称：
猪突猛進赫兹兹_極
所在地：
四川 成都
性别：
女
生日：
1998年9月4日
简介：
世纪诺亚泡沫板玩家/后期艰难学习中/牙尖怪/刀音坑底人/姑且自力更生老年coser
注册时间：
2011-09-25
公司：
刀音源氏幼儿托管所
大学：
四川美术学院 (2016年)
标签：
游戏动漫"
318,https://weibo.com/u/6045741287,肖战平安喜乐，万事胜意🍩 不授权任何二改私印和商用,"520
关注","20936
粉丝","3604
微博","昵称：
大雾zZ
所在地：
四川 成都
性别：
女
生日：
1998年2月8日
简介：
肖战平安喜乐，万事胜意🍩 不授权任何二改私印和商用
注册时间：
2016-10-15"
319,https://weibo.com/u/7072741422,电影《夺冠》官方微博,"49
关注","78527
粉丝","363
微博",
320,https://weibo.com/u/6211153381?refer_flag=0000015010_&from=feed&loc=nickname,知名搞笑幽默博主,"163
关注","3112251
粉丝","1284
微博","昵称：
大脖煮
所在地：
北京 东城区
性别：
男
生日：
1995年8月19日
简介：
幽默搞笑的沙雕事
注册时间：
2017-04-19
公司：
你猜你猜你再猜
地区：北京 ，朝阳区
大学：
北京传媒学院 (2009年)
标签：
视频音乐
情感
搞笑
幽默笑话"
321,https://weibo.com/u/2696176504,大号 雪人_227恶行bot,"59
关注","5147
粉丝","1024
微博","昵称：
聊天book截图
所在地：
浙江 杭州
性别：
男
生日：
1993年5月12日
简介：
大号 雪人_227恶行bot
注册时间：
2012-01-31
大学：
无 (2020年)
嗯 清华大学 (2011年)
土木工程 无
标签：
旅游
大学生"
322,https://weibo.com/u/6112733438,芒果影视网官方微博,"584
关注","5793819
粉丝","14394
微博",
323,https://weibo.com/u/1507426972,许墨是初心，莫弈是现任,"94
关注","183
粉丝","2354
微博","昵称：
隐居江湖的清雪
所在地：
天津 河北区
性别：
女
简介：
许墨是初心，莫弈是现任
注册时间：
2012-05-07
标签：
旅游"
324,https://weibo.com/u/2755422387,肖战有趣的灵魂超话小主持人 微博剪辑视频博主,"365
关注","16764
粉丝","1099
微博","昵称：
重庆小辣椒DAYTOY1005
所在地：
海外 其他
性别：
女
简介：
一颗自由自在的黑芝麻，拒绝小飞警！
注册时间：
2012-05-12
公司：
帝豪国际黑芝麻发展无责任公司
标签：
美食
时尚
汽车
教育就业
游戏动漫"
325,https://weibo.com/u/7306470828,Der Mond sieht aus wie immer.,"229
关注","3683
粉丝","7259
微博","昵称：
21世纪青骑士
所在地：
海外 其他
性别：
男
生日：
1900年11月23日
简介：
Der Mond sieht aus wie immer.
注册时间：
2019-09-15"
326,https://weibo.com/ilovevideo,腾讯视频官方微博,"3130
关注","14041577
粉丝","93953
微博","友情链接：
腾讯视频官方网站
腾讯视频app下载地址
腾讯视频VIP
Android群：128082641
iPhone群：274564761
iPad群：285314734"
327,https://weibo.com/u/5842217463?refer_flag=0000015010_&from=feed&loc=nickname,世界因我有何不同？ 模特及红人招募 发邮件到bd@thechenfan.com,"755
关注","2199316
粉丝","7679
微博","昵称：
菲力姐姐jfiensksl
所在地：
浙江 杭州
性别：
女
简介：
世界因我有何不同？ 模特及红人招募 发邮件到bd@thechenfan.com
注册时间：
2016-01-27"
328,https://weibo.com/u/5302071129,就算伸手摘不到星光🌟 仍希望把你命运擦亮💕|除肖战🈲️一切,"432
关注","64685
粉丝","320
微博","昵称：
白日煙火丨肖战
所在地：
上海 黄浦区
性别：
女
生日：
1991年10月5日
简介：
就算伸手摘不到星光🌟 仍希望把你命运擦亮💕|除肖战🈲️一切
注册时间：
2014-09-19
标签：
肖战"
329,https://weibo.com/u/3950821034,她还没有填写个人简介,"132
关注","104
粉丝","391
微博","昵称：
晰曦熙
所在地：
湖南 株洲
性别：
女
生日：
1986年1月21日
注册时间：
2013-12-23"
330,https://weibo.com/u/5053644802,肖战超话粉丝大咖 微博原创视频博主,"543
关注","1195
粉丝","3453
微博","昵称：
嘴边痣心上人
所在地：
浙江 杭州
性别：
女
生日：
1993年4月18日
简介：
岂能尽如人意 但求无愧于心
注册时间：
2014-02-28
公司：
大学：
重庆工商大学 (2011年)
标签：
简单
爱唱歌
旅游
美图摄影"
331,https://weibo.com/u/5607054231,娱乐博主,"130
关注","49343
粉丝","1396
微博","昵称：
美鹅bot
所在地：
重庆
性别：
女
生日：
处女座
简介：
虾圈鹅bot
注册时间：
2015-05-12
标签：
宠物
文字控
唱k
重庆
八卦杂谈"
332,https://weibo.com/u/2823242344,她还没有填写个人简介,"382
关注","117
粉丝","8115
微博","昵称：
Yeekamlam
所在地：
广东 江门
性别：
女
注册时间：
2012-06-04
标签：
时尚
娱乐
文艺
IT数码
游戏动漫"
333,https://weibo.com/u/6398956717,娱乐博主 微博剪辑视频博主 肖战超话粉丝大咖,"473
关注","17694
粉丝","7551
微博","昵称：
有钱平安顺遂·
所在地：
广东
性别：
男
生日：
1997年11月15日
简介：
陪你走完娱乐圈！ ♡战
注册时间：
2017-10-29
公司：
初中：
广东省佛山市华英学校 (2009年)
中文"
334,https://weibo.com/u/6451490751,她还没有填写个人简介,"184
关注","155
粉丝","811
微博","昵称：
天越黑星星就会越亮jiayou
所在地：
其他
性别：
女
注册时间：
2018-01-03"
335,https://weibo.com/u/6772523820,重庆在逃保安,"285
关注","29627
粉丝","3320
微博","昵称：
彩色胚芽艺术家
所在地：
其他
性别：
女
简介：
重庆在逃保安
注册时间：
2018-10-16"
336,https://weibo.com/u/2421059854,我想问问你，得到你想要的了吗，活该,"231
关注","420
粉丝","746
微博","昵称：
NIOHNONO
所在地：
浙江
性别：
女
生日：
1944年12月25日
简介：
我想问问你，得到你想要的了吗，活该
注册时间：
2011-09-24
公司：
咸鱼不翻身公司 (2017 - 2017)
地区：其他
职位：咸鱼捕捞部
标签：
想要一个人旅行
美剧"
337,https://weibo.com/u/5751949769,娱乐博主,"613
关注","7914711
粉丝","6861
微博","昵称：
毒舌扒姨太
所在地：
广东 广州
性别：
女
生日：
2007年2月2日
简介：
你想知道的八卦，都在这里！杠精别关注！
注册时间：
2015-11-08
公司：
侵权私信删除
地区：北京 ，东城区
标签：
明星
八卦
娱乐"
338,https://weibo.com/u/6803397599,肖烟四起，为战而来，只因是你，只会是你，未来的路，永远与战同行！,"422
关注","283
粉丝","865
微博","昵称：
爱战肖浅浅
所在地：
湖北 恩施土家族苗族自治州
性别：
女
生日：
1992年10月12日
简介：
肖烟四起，为战而来，只因是你，只会是你，未来的路，永远与战同行！
注册时间：
2018-10-28
大学：
武汉大学"
339,https://weibo.com/u/2290500835?refer_flag=0000015010_&from=feed&loc=nickname,UNINE成员 胡春杨,"58
关注","6282098
粉丝","327
微博","昵称：
胡春杨Young
所在地：
北京
性别：
男
生日：
1999年2月5日
简介：
商务联系邮箱：bdhuchunyang@yuehuamusic.com
注册时间：
2011-08-07
标签：
搞笑幽默"
340,https://weibo.com/u/7282102029,前程似锦 美好如你 🚫二改及涂抹截掉logo和用于盈利的周边制作,"5
关注","123628
粉丝","173
微博","昵称：
Buenfuturo·肖战
所在地：
海外
性别：
男
生日：
1991年10月5日
简介：
前程似锦 美好如你 🚫二改及涂抹截掉logo和用于盈利的周边制作
注册时间：
2019-08-14"
341,https://weibo.com/575377776,微博娱评团成员 娱评人 知名娱乐博主 歌手当打之年超话主持人,"2729
关注","1577851
粉丝","50059
微博","昵称：
女神明星
所在地：
陕西
性别：
男
个性域名：
https://weibo.com/575377776 https://weibo.com/tiangong1hao
简介：
娱乐圈的事说不是是也不是
注册时间：
2010-03-09
公司：
自由职业
标签：
新闻趣事
名人明星
娱乐
运动
搞笑
篮球
八卦
NBA
媒体
时评"
342,https://weibo.com/u/7258742555,军事博主,"80
关注","192389
粉丝","4675
微博","昵称：
花容不可失色
所在地：
北京 西城区
性别：
女
生日：
1991年10月1日
简介：
一花一世界，一瓜一空调
注册时间：
2019-07-26"
343,https://weibo.com/u/5818909951,娱乐博主,"282
关注","11891
粉丝","13283
微博","昵称：
海淀攻气包
所在地：
北京
性别：
女
生日：
1997年8月10日
简介：
半生恰似逆行船
注册时间：
2016-01-01"
344,https://weibo.com/u/6543599220,🐰肖战豆瓣小飞侠 📣看这里,"46
关注","61550
粉丝","516
微博","昵称：
肖战豆饼铺
所在地：
重庆
性别：
男
生日：
1991年10月5日
简介：
🐰肖战豆瓣小飞侠 📣看这里
注册时间：
2018-05-08"
345,https://weibo.com/narkissos1005,🈲️ALL，暂不对外授权图片应援使用。,"5
关注","76713
粉丝","259
微博","昵称：
NAR·KISSOS1005丨肖战
所在地：
北京
性别：
男
生日：
1991年10月5日
个性域名：
https://weibo.com/narkissos1005
简介：
🈲️ALL，暂不对外授权图片应援使用。
注册时间：
2019-08-26
邮箱：
narkissos1005@163.com"
346,https://weibo.com/u/5333596981,娱乐博主 微博原创视频博主,"102
关注","3237
粉丝","189
微博","昵称：
大芳几
所在地：
江苏
性别：
女
生日：
1991年9月24日
简介：
底线：肖战 ，手绘禁商，文明搬运
注册时间：
2014-10-17
公司：
大芳童画 (2018 - 2018)
地区：广西 ，桂林
职位：教师
大学：
南京师范大学 (2013年)
美术学院
标签：
名人明星
其他生活
旅游"
347,https://weibo.com/u/3038520164,肖战超话粉丝大咖 娱乐博主 微博原创视频博主,"617
关注","80522
粉丝","9872
微博","昵称：
手捧星光送你
所在地：
其他
性别：
女
简介：
肖战平平安安，顺顺利利
注册时间：
2012-12-26"
348,https://weibo.com/u/6006558289,好运up,"336
关注","7414
粉丝","1613
微博","昵称：
WhereisMyButterfly
所在地：
浙江 杭州
性别：
女
生日：
2001年2月26日
简介：
好运up
注册时间：
2016-08-19"
349,https://weibo.com/u/5229575550,红莎娱乐官方微博,"616
关注","2818890
粉丝","32993
微博",
350,https://weibo.com/zanglulu,知名法律博主,"2712
关注","18536
粉丝","9217
微博","昵称：
肖渌
所在地：
海外
性别：
女
生日：
巨蟹座
个性域名：
https://weibo.com/zanglulu
简介：
如果你圈规矩大不过中国法律请闭嘴。一边玩去，博主很忙。
注册时间：
2014-10-06
公司：
互联网
地区：海外 ，法国
大学：
中国人民大学
标签：
读书分享
吃
搞笑
写字
投資理財
创意设计
财经"
351,https://weibo.com/u/2255305427,每天都是福气满满的一天,"3535
关注","569
粉丝","13097
微博","昵称：
今天未央中中中中中中中了
所在地：
浙江
性别：
男
生日：
金牛座
博客：
http://blog.sina.com.cn/u/2255305427
简介：
每天都是福气满满的一天
注册时间：
2011-07-18
大学：
中南财经政法大学 (2010年)
标签：
好书"
352,https://weibo.com/u/6026395633,知名综艺博主 搞笑视频自媒体,"9608
关注","284981
粉丝","121189
微博","昵称：
综艺小火车
所在地：
山东
性别：
女
感情状况：
单身
生日：
1990年12月8日
简介：
淘宝天猫每日最超值的便宜的白菜，大白菜第一时间推送，让您网购更省心、省钱，省到就是赚到！带大家一起薅...
注册时间：
2016-09-22
公司：
德州惠美电子商务有限公司 (2016 - 至今)
地区：山东 ，德州
职位：运营总监
大学：
ESMOD北京高级时装艺术学校 (2014年)
标签：
视频电影
八卦杂谈
新闻趣事
明星
娱乐"
353,https://weibo.com/u/3607666641,肖战超话粉丝大咖,"405
关注","2688
粉丝","1448
微博","昵称：
兔柒DAYTOY
所在地：
江苏 南京
性别：
女
生日：
天秤座
简介：
玫瑰星球上的摘星甜心兔.
注册时间：
2013-08-01
公司：
肖战工作室
大学：
重庆工商大学 (2010年)
标签：
文字控
宅女一枚"
354,https://weibo.com/u/1967383097,娱乐博主 娱乐综艺视频自媒体,"390
关注","915
粉丝","4617
微博","昵称：
人鱼妖姬
所在地：
重庆
性别：
女
生日：
双鱼座
简介：
爱有趣的灵魂
注册时间：
2011-02-13
标签：
听歌
亲情
紫色
双鱼座"
355,https://weibo.com/u/2704278545,萨波超话主持人,"802
关注","1752
粉丝","5521
微博","昵称：
泉州学子
所在地：
福建 泉州
性别：
女
生日：
11月6日
简介：
日行一善
注册时间：
2012-04-10
大学：
福建农林大学 (2011年)
经管
高中：
南安国光中学 (2008年)
标签：
看电影
动漫
爱港人
伪愤青
历史
天蝎座
吃货
摄影
自由
学生"
356,https://weibo.com/u/5898741612,肖战饭圈达人,"53
关注","109002
粉丝","507
微博","昵称：
SeanStyle肖战
所在地：
海外
性别：
男
生日：
天秤座
简介：
肖战 | 同款 | 时尚科普
注册时间：
2016-04-16"
357,https://weibo.com/u/3731263262,祝你今天开心💫,"583
关注","3118
粉丝","7386
微博","昵称：
给我一颗快乐星球
所在地：
北京
性别：
女
生日：
狮子座
简介：
祝你今天开心💫
注册时间：
2013-08-20
标签：
书籍
喜欢唱歌
爱玩
美剧
大学生
动漫
读书分享
美食
穿衣美容
北京生活"
358,https://weibo.com/u/7418848447,她还没有填写个人简介,"156
关注","90
粉丝","1162
微博","昵称：
y爱一杯水的温度
所在地：
江苏
性别：
女
生日：
1987年7月3日
注册时间：
2020-03-24"
359,https://weibo.com/luckintea,小鹿茶官方微博,"42
关注","314780
粉丝","369
微博","友情链接：
小鹿茶官方网站"
360,https://weibo.com/u/5101737099,他还没有填写个人简介,"316
关注","88
粉丝","1286
微博","昵称：
展翅飞翔990
所在地：
北京 东城区
性别：
男
注册时间：
2014-04-08"
361,https://weibo.com/cctvdrama,中央电视台电视剧管理中心,"88
关注","10200110
粉丝","19253
微博",
362,https://weibo.com/u/2796934135,娱乐博主,"151
关注","74871
粉丝","1362
微博","昵称：
一杯敬死亡两杯敬三观
所在地：
北京 海淀区
性别：
男
生日：
天秤座
简介：
又皮又欠/屁话贼多/少年侠义
注册时间：
2012-06-05
公司：
大学：
吉林大学 (2016年)
绘画四年本
标签：
资讯"
363,https://weibo.com/u/6082052320,汉服新人/汉洋混搭日常装/卑微形制党还在学习中/更新频率由新衣服决定/🐦成精/不吹不黑不卖安利/,"575
关注","47
粉丝","1773
微博","昵称：
簪山桃-云归
所在地：
安徽
性别：
女
简介：
汉服新人/汉洋混搭日常装/卑微形制党还在学习中/更新频率由新衣服决定/🐦成精/不吹不黑不卖安利/
注册时间：
2016-12-16"
364,https://weibo.com/u/5656403109,川美彩虹弟弟,"42
关注","161
粉丝","28
微博","昵称：
婷婷婷婷不下来i
所在地：
重庆
性别：
男
简介：
川美彩虹弟弟
注册时间：
2015-07-20"
365,https://weibo.com/cctvxinwen,中央电视台新闻中心官方微博,"2710
关注","114258985
粉丝","135828
微博",
366,https://weibo.com/u/5910977464,端着枪随时准备扫射傻逼的保猋队长,"230
关注","386
粉丝","2027
微博","昵称：
太犬犬大大
所在地：
广东
性别：
女
生日：
2000年8月23日
简介：
端着枪随时准备扫射傻逼的保猋队长
注册时间：
2016-04-29"
367,https://weibo.com/u/5722246392,投票博主，为战而来。,"627
关注","621
粉丝","2528
微博","昵称：
熊孩子初墨
所在地：
北京
性别：
女
感情状况：
恋爱中
生日：
1992年10月17日
简介：
投票博主，为战而来。
注册时间：
2015-10-19
标签：
遊戲動漫
简单
吃货一枚
喜欢听歌
宠物"
368,https://weibo.com/u/2648929171,情感博主 格格心语笔记超话主持人,"129
关注","216801
粉丝","75621
微博",
369,https://weibo.com/u/6231553328,勇敢追星！大声说爱！,"917
关注","3044
粉丝","89
微博",
370,https://weibo.com/u/3752699924,腾讯视频电视剧频道官方微博,"587
关注","1573206
粉丝","23750
微博","友情链接：
腾讯视频"
371,https://weibo.com/yukilastsummer,永隔一江水。,"731
关注","3096
粉丝","8015
微博","昵称：
隐密而无穷期
所在地：
海外
性别：
女
生日：
白羊座
个性域名：
https://weibo.com/yukilastsummer
简介：
永隔一江水。
注册时间：
2010-03-13
大学：
布雷诺大学 (2019年)
putosught
标签：
神探夏洛克"
372,https://weibo.com/u/2701004924,有妖气认证漫画作者,"176
关注","5858
粉丝","1992
微博","昵称：
肥皂蚊fumiko
所在地：
海外 日本
性别：
女
生日：
1997年8月22日
简介：
浪荡东京的留学生同人画手，约稿私信
注册时间：
2012-02-02
公司：
东吴FFF团
地区：其他
大学：
四川音乐学院
标签：
日语
动漫
漫画
节操已失
非腐
御宅
二次元
银魂
微博奇葩
游戏动漫"
373,https://weibo.com/206222781,知名动漫博主,"107
关注","77884
粉丝","29335
微博","昵称：
o李oO
所在地：
广东 广州
性别：
女
生日：
双子座
个性域名：
https://weibo.com/206222781 https://weibo.com/18zi
简介：
往前走不要回头。图非商用情况不用问，不开未关注人私信
注册时间：
2009-09-29
标签：
私信没开
产出代表真爱
剑网3单机水货
S1"
374,https://weibo.com/u/5222110432,娱乐博主,"124
关注","178882
粉丝","20728
微博","昵称：
肖战安利兜
所在地：
重庆
性别：
女
生日：
天秤座
简介：
安利肖战的兜.
注册时间：
2014-07-18
公司：
兜爱战工作室"
